month,value,patients_queried,patients_matched,patients_with_data,records_returned,match_rate,hit_rate,coverage_rate,records_per_hit,median_freshness_days,dimension
2025-07,AL,43038.0,34234.0,21521.0,155344.0,0.7954365909196524,0.628644038090787,0.5000464705608997,7.218251939965615,10.8,state
2025-07,AZ,15570.0,11330.0,7698.0,56460.0,0.7276814386640976,0.6794351279788173,0.49441233140655105,7.3343725643024165,10.75,state
2025-07,CA,126288.0,100083.0,69744.0,497231.0,0.792498099581908,0.6968616048679596,0.5522614975294565,7.1293731360403765,10.4,state
2025-07,CO,45918.0,37016.0,27298.0,196142.0,0.8061326712835925,0.7374648800518695,0.5944945337340477,7.18521503406843,9.1,state
2025-07,FL,87516.0,66633.0,40787.0,300013.0,0.7613807760866584,0.6121141176294028,0.46605192193427486,7.355603501115551,10.0,state
2025-07,GA,50040.0,38410.0,25632.0,181769.0,0.767585931254996,0.6673262171309555,0.5122302158273381,7.091487203495631,8.399999999999999,state
2025-07,ID,34002.0,25198.0,14724.0,106288.0,0.7410740544673843,0.5843320898484007,0.43303335097935414,7.2186905732138005,8.2,state
2025-07,IL,4608.0,3686.0,2495.0,17532.0,0.7999131944444444,0.6768855127509495,0.5414496527777778,7.02685370741483,10.95,state
2025-07,KY,11304.0,9266.0,6020.0,42168.0,0.8197098372257607,0.6496870278437298,0.532554847841472,7.004651162790697,10.75,state
2025-07,LA,44010.0,34854.0,21610.0,158017.0,0.7919563735514655,0.6200149193779767,0.4910247670983867,7.312216566404443,9.35,state
2025-07,MA,82062.0,66134.0,49478.0,356716.0,0.8059028539397042,0.7481477001239907,0.60293436669835,7.20958809976151,9.45,state
2025-07,MD,19206.0,16327.0,11949.0,88575.0,0.850098927418515,0.7318552091627366,0.6221493283348953,7.412754205372835,8.2,state
2025-07,MI,32274.0,25233.0,18521.0,133182.0,0.7818367726343186,0.7339991281258669,0.5738675094503315,7.190864424167161,11.3,state
2025-07,MS,58320.0,45022.0,26180.0,193603.0,0.7719821673525378,0.5814934920705432,0.4489026063100137,7.395072574484339,9.649999999999999,state
2025-07,MT,4788.0,3358.0,1934.0,13865.0,0.7013366750208856,0.5759380583680762,0.4039264828738513,7.169079627714581,10.45,state
2025-07,NC,17298.0,14552.0,10604.0,76184.0,0.8412533240837091,0.7286970863111599,0.6130188461093768,7.184458694832139,9.45,state
2025-07,NJ,43038.0,32464.0,22150.0,166632.0,0.7543101445234444,0.6822942336126171,0.5146614619638459,7.522889390519187,9.95,state
2025-07,NM,49824.0,38717.0,23302.0,172480.0,0.77707530507386,0.6018544825270553,0.4676862556197816,7.401939747661145,10.05,state
2025-07,NV,9342.0,6676.0,4191.0,32105.0,0.7146221365874545,0.627771120431396,0.44861913937058445,7.660462896683369,11.95,state
2025-07,NY,64566.0,50370.0,38169.0,265052.0,0.7801319579964687,0.7577724836212031,0.5911625313632562,6.944169352092012,9.8,state
2025-07,OH,48726.0,37818.0,26817.0,193997.0,0.7761359438492796,0.7091067745518007,0.5503632557566802,7.234105231755976,9.75,state
2025-07,OK,20430.0,16276.0,9711.0,67330.0,0.7966715614292706,0.5966453674121406,0.4753303964757709,6.93337452373597,10.4,state
2025-07,OR,158364.0,125041.0,87381.0,616072.0,0.7895797024576292,0.6988187874377204,0.5517731302568766,7.050411416669528,9.2,state
2025-07,PA,43038.0,32907.0,23291.0,164999.0,0.7646033737627214,0.707782538669584,0.5411729169571077,7.084238547078271,10.05,state
2025-07,TN,51120.0,40969.0,27499.0,189558.0,0.8014280125195619,0.6712148209621909,0.5379303599374022,6.8932688461398595,10.899999999999999,state
2025-07,TX,87570.0,66611.0,38124.0,269747.0,0.7606600433938563,0.5723379021482938,0.43535457348406986,7.075516734865177,10.45,state
2025-07,UT,49554.0,38692.0,24339.0,167559.0,0.780804778625338,0.6290447637754575,0.4911611575251241,6.884383088869715,8.85,state
2025-07,VA,17280.0,14079.0,9625.0,66030.0,0.8147569444444445,0.6836423041409191,0.5570023148148148,6.86025974025974,8.649999999999999,state
2025-07,WA,190044.0,149964.0,105531.0,763333.0,0.7891014712382396,0.703708890133632,0.5552977205278777,7.233258473813382,9.75,state
2025-07,WI,7686.0,6477.0,4582.0,31423.0,0.8427010148321624,0.7074262775976532,0.5961488420504814,6.857922304670449,10.45,state
2025-07,WY,36198.0,28039.0,15897.0,113489.0,0.7746008066744019,0.5669603052890617,0.43916790982927234,7.139019940869346,9.65,state
2025-08,AL,43452.0,34113.0,21517.0,153030.0,0.7850731842032588,0.6307566030545539,0.4951900948172696,7.1120509364688385,9.350000000000001,state
2025-08,AZ,16416.0,11978.0,8339.0,61643.0,0.7296539961013645,0.6961930205376523,0.5079800194931774,7.392133349322461,10.25,state
2025-08,CA,128394.0,100815.0,70504.0,504808.0,0.7852002430020094,0.6993403759361206,0.5491222331261586,7.159990922500851,10.7,state
2025-08,CO,46836.0,37514.0,27597.0,196485.0,0.8009650696045777,0.7356453590659487,0.5892262362285422,7.119795629959778,10.5,state
2025-08,FL,89514.0,67980.0,41169.0,301997.0,0.7594342784368926,0.6056045895851722,0.45991688450968565,7.335543734363235,10.35,state
2025-08,GA,50634.0,39917.0,26956.0,195840.0,0.7883438006082869,0.6753012500939449,0.5323695540545879,7.265172874313697,11.1,state
2025-08,ID,34812.0,25839.0,14996.0,108615.0,0.7422440537745605,0.5803630171446263,0.4307709985062622,7.242931448386236,9.5,state
2025-08,IL,4644.0,3771.0,2550.0,17849.0,0.812015503875969,0.6762132060461417,0.5490956072351422,6.999607843137255,10.649999999999999,state
2025-08,KY,11394.0,9182.0,5942.0,43313.0,0.8058627347726873,0.6471357002831627,0.5215025451992277,7.28929653315382,10.45,state
2025-08,LA,44424.0,34907.0,22102.0,156252.0,0.7857689537187106,0.6331681324662675,0.497523860976049,7.069586462763551,9.45,state
2025-08,MA,83070.0,66392.0,50091.0,362638.0,0.7992295654267485,0.7544734305337992,0.6029974720115565,7.2395839571979,10.6,state
2025-08,MD,19368.0,16458.0,12046.0,86593.0,0.8497521685254027,0.7319236845303196,0.6219537381247419,7.188527311970779,11.1,state
2025-08,MI,32940.0,26030.0,19229.0,132398.0,0.7902246508803886,0.7387245485977718,0.5837583485124469,6.8853294503094284,8.95,state
2025-08,MS,58896.0,44979.0,26082.0,194393.0,0.7637021189894051,0.5798706062829321,0.44284841075794623,7.453147764741968,10.45,state
2025-08,MT,4860.0,3432.0,1998.0,14551.0,0.7061728395061728,0.5821678321678322,0.4111111111111111,7.282782782782783,9.6,state
2025-08,NC,17442.0,14630.0,10616.0,74862.0,0.8387799564270153,0.7256322624743677,0.6086457975002867,7.05180859080633,9.75,state
2025-08,NJ,43938.0,33115.0,22434.0,165608.0,0.7536756338476944,0.6774573456137702,0.5105830943602349,7.3820094499420525,9.75,state
2025-08,NM,50310.0,39821.0,24352.0,173830.0,0.7915126217451799,0.6115366264031541,0.4840389584575631,7.138222733245729,10.05,state
2025-08,NV,9846.0,7028.0,4371.0,31360.0,0.713792403006297,0.6219408081957882,0.44393662400975015,7.174559597346145,10.05,state
2025-08,NY,65898.0,51146.0,38708.0,272945.0,0.7761388813014052,0.7568138270832518,0.5873926371058302,7.051384726671489,10.0,state
2025-08,OH,49590.0,39163.0,27847.0,202783.0,0.7897358338374673,0.7110538007813497,0.5615446662633595,7.282041153445613,9.75,state
2025-08,OK,20610.0,16037.0,9420.0,68894.0,0.7781174187287725,0.5873916567936647,0.4570596797671033,7.313588110403397,10.8,state
2025-08,OR,160938.0,127672.0,90583.0,632150.0,0.793299282953684,0.7094977755498465,0.5628440766009271,6.978682534250356,9.7,state
2025-08,PA,43938.0,33934.0,24281.0,175991.0,0.772315535527334,0.7155360405493015,0.552619600345942,7.248095218483588,9.45,state
2025-08,TN,51642.0,41727.0,28565.0,201756.0,0.8080051121180435,0.6845687444580247,0.5531350451183146,7.063049186066865,9.3,state
2025-08,TX,89028.0,67308.0,39432.0,290928.0,0.7560318102170104,0.5858441789980389,0.4429168351529856,7.377967133292757,10.55,state
2025-08,UT,50094.0,39723.0,25646.0,179477.0,0.7929692178704036,0.6456209249049669,0.5119575198626583,6.998245340403962,10.55,state
2025-08,VA,17424.0,14254.0,9765.0,70785.0,0.8180670339761249,0.6850708573032132,0.5604338842975206,7.248847926267281,10.75,state
2025-08,WA,193446.0,152162.0,107971.0,787718.0,0.786586437558802,0.709579264205255,0.5581454255968074,7.295644200757611,10.75,state
2025-08,WI,7740.0,6463.0,4571.0,32171.0,0.8350129198966408,0.7072566919387282,0.5905684754521964,7.03806606869394,11.100000000000001,state
2025-08,WY,36522.0,28416.0,16173.0,115710.0,0.778051585345819,0.5691511824324325,0.44282897979300145,7.15451678723799,10.3,state
2025-09,AL,44208.0,35033.0,22120.0,152292.0,0.7924583785740138,0.6314046755915851,0.5003619254433587,6.884810126582279,10.3,state
2025-09,AZ,16272.0,11664.0,8096.0,57375.0,0.7168141592920354,0.6941015089163237,0.4975417895771878,7.086833003952569,10.8,state
2025-09,CA,129438.0,102633.0,72087.0,528423.0,0.7929124368423492,0.702376428634065,0.5569230056088629,7.330350826085147,10.8,state
2025-09,CO,46890.0,38143.0,28282.0,198985.0,0.8134570270846663,0.7414728783787327,0.6031563233098741,7.035747118308465,9.15,state
2025-09,FL,91080.0,68975.0,42784.0,313612.0,0.7573012736056214,0.62028271112722,0.4697408871321915,7.330123410620793,9.45,state
2025-09,GA,52200.0,40471.0,27642.0,196323.0,0.7753065134099617,0.6830075856786341,0.5295402298850574,7.102344258736705,10.2,state
2025-09,ID,34830.0,25875.0,15093.0,105030.0,0.7428940568475452,0.583304347826087,0.43333333333333335,6.958855098389982,11.0,state
2025-09,IL,4644.0,3735.0,2543.0,18600.0,0.8042635658914729,0.6808567603748327,0.547588285960379,7.314195831694849,11.3,state
2025-09,KY,11412.0,9275.0,6121.0,44166.0,0.8127409744128987,0.6599460916442048,0.5363652295828952,7.215487665414148,10.7,state
2025-09,LA,45180.0,35833.0,22433.0,156018.0,0.7931164231961044,0.6260430329584461,0.4965250110668437,6.954843311193331,9.3,state
2025-09,MA,84852.0,67978.0,51351.0,382874.0,0.8011360957903173,0.7554061608167348,0.6051831424126715,7.456018383283675,10.35,state
2025-09,MD,19404.0,16392.0,12060.0,83090.0,0.8447742733457019,0.7357247437774525,0.62152133580705,6.889718076285241,11.399999999999999,state
2025-09,MI,33300.0,25564.0,18854.0,143195.0,0.7676876876876877,0.7375215146299484,0.5661861861861862,7.5949400657685375,10.25,state
2025-09,MS,59850.0,46486.0,27082.0,197997.0,0.7767084377610693,0.5825840037860861,0.45249791144527984,7.311018388597592,9.5,state
2025-09,MT,5058.0,3587.0,2074.0,14832.0,0.7091735863977857,0.5781990521327014,0.4100434954527481,7.151398264223722,9.0,state
2025-09,NC,17478.0,14757.0,10767.0,76439.0,0.8443185719189839,0.7296198414311852,0.6160315825609337,7.099377728243708,11.5,state
2025-09,NJ,44406.0,33731.0,22975.0,161390.0,0.7596045579426204,0.6811241884320062,0.5173850380579201,7.024591947769315,10.55,state
2025-09,NM,50706.0,39714.0,24404.0,184930.0,0.7832209206011123,0.6144936294505716,0.4812842661617954,7.577856089165711,9.5,state
2025-09,NV,9756.0,6900.0,4385.0,30987.0,0.7072570725707257,0.6355072463768116,0.4494669946699467,7.066590649942987,9.850000000000001,state
2025-09,NY,66618.0,51652.0,39412.0,278508.0,0.7753460025818848,0.763029505149849,0.5916118766699691,7.066578706992794,11.35,state
2025-09,OH,50292.0,38777.0,27732.0,203923.0,0.7710371430843872,0.7151662067720556,0.5514197089000239,7.35334631472667,9.55,state
2025-09,OK,20646.0,16483.0,9655.0,70237.0,0.7983628790080403,0.5857550203239702,0.46764506441925796,7.274676333505956,10.45,state
2025-09,OR,161874.0,129853.0,91667.0,652615.0,0.8021856505677255,0.7059290120366877,0.566286123775282,7.1194104748710005,10.3,state
2025-09,PA,44406.0,34388.0,24900.0,177061.0,0.7743998558753321,0.7240897987670117,0.5607350358059722,7.110883534136546,10.8,state
2025-09,TN,52146.0,41843.0,28449.0,205698.0,0.8024201281018678,0.6798986688334966,0.5455643769416638,7.230412316777391,9.7,state
2025-09,TX,91044.0,69245.0,40304.0,284468.0,0.7605663195817407,0.5820492454328833,0.4426870524142173,7.058058753473601,9.7,state
2025-09,UT,50742.0,40214.0,25941.0,186661.0,0.7925190177762012,0.6450738548764112,0.5112332978597611,7.195597702478701,9.6,state
2025-09,VA,17460.0,14602.0,10127.0,71842.0,0.83631156930126,0.6935351321736748,0.5800114547537228,7.094104868174187,9.5,state
2025-09,WA,195264.0,153123.0,109226.0,818222.0,0.784184488692232,0.7133219699196072,0.5593760242543429,7.4910918645743685,10.8,state
2025-09,WI,7758.0,6598.0,4628.0,30932.0,0.8504769270430523,0.7014246741436799,0.5965455014178912,6.683664649956785,10.75,state
2025-09,WY,36594.0,28931.0,16692.0,116287.0,0.7905940864622616,0.5769589713456155,0.45614035087719296,6.966630721303619,9.4,state
2025-10,AL,44946.0,35316.0,22282.0,157968.0,0.7857428914697637,0.6309321553969872,0.495750456102879,7.089489273853334,9.8,state
2025-10,AZ,16380.0,11821.0,8181.0,58918.0,0.7216727716727717,0.6920734286439387,0.49945054945054945,7.2018090697958685,10.600000000000001,state
2025-10,CA,131292.0,104811.0,73546.0,528973.0,0.7983045425463852,0.7017011573212736,0.5601712213996283,7.192410192260626,9.6,state
2025-10,CO,47412.0,38528.0,29129.0,214523.0,0.8126212773137602,0.756047549833887,0.6143803256559521,7.364585121356724,10.0,state
2025-10,FL,92376.0,71120.0,44223.0,328155.0,0.7698969429288993,0.6218082114735658,0.47872824110158485,7.420459941659318,10.350000000000001,state
2025-10,GA,53046.0,42018.0,28717.0,206549.0,0.7921049655016401,0.6834451901565995,0.5413603287712552,7.192568861649894,10.05,state
2025-10,ID,35172.0,26253.0,15451.0,113381.0,0.746417604912999,0.5885422618367425,0.43929830547026044,7.338101093780338,11.8,state
2025-10,IL,4716.0,3785.0,2567.0,18259.0,0.8025869380831213,0.6782034346103039,0.5443172179813401,7.112972341254382,9.3,state
2025-10,KY,11592.0,9360.0,6162.0,43996.0,0.8074534161490683,0.6583333333333333,0.5315734989648033,7.13988964621876,9.95,state
2025-10,LA,45936.0,36359.0,22634.0,162165.0,0.7915142807384187,0.6225143705822492,0.4927290142807384,7.164663780153751,10.95,state
2025-10,MA,86040.0,69063.0,52288.0,368942.0,0.8026847977684798,0.7571058309080115,0.6077173407717341,7.055959302325581,10.8,state
2025-10,MD,19710.0,16763.0,12461.0,91657.0,0.8504819888381532,0.7433633597804689,0.6322171486555048,7.355509188668647,11.4,state
2025-10,MI,34020.0,26444.0,19574.0,143613.0,0.777307466196355,0.7402057177431554,0.5753674309229865,7.336926535199755,10.75,state
2025-10,MS,60804.0,46812.0,27448.0,205332.0,0.769883560292086,0.5863453815261044,0.4514176698901388,7.480763625765083,10.0,state
2025-10,MT,5112.0,3537.0,2074.0,15241.0,0.6919014084507042,0.5863726321741589,0.4057120500782473,7.348601735776278,9.5,state
2025-10,NC,17748.0,15093.0,10982.0,77691.0,0.8504056795131846,0.7276220764592858,0.6187739463601533,7.07439446366782,10.35,state
2025-10,NJ,45360.0,33731.0,23113.0,171392.0,0.7436287477954144,0.6852153805105097,0.5095458553791887,7.415393934149613,9.95,state
2025-10,NM,51462.0,39639.0,24454.0,177294.0,0.7702576658505305,0.616917682080779,0.4751855738214605,7.250102232763556,10.05,state
2025-10,NV,9828.0,6904.0,4400.0,31789.0,0.7024827024827025,0.6373117033603708,0.4477004477004477,7.224772727272727,11.4,state
2025-10,NY,68040.0,53263.0,40855.0,292861.0,0.7828189300411522,0.767042787676248,0.6004556143445032,7.168302533349651,11.25,state
2025-10,OH,51264.0,39077.0,27896.0,203343.0,0.7622698189762797,0.7138726104869872,0.5441635455680399,7.28932463435618,9.850000000000001,state
2025-10,OK,20970.0,16589.0,9796.0,68728.0,0.7910824988078207,0.5905117849177166,0.4671435383881736,7.015924867292773,10.55,state
2025-10,OR,164178.0,132037.0,94183.0,675580.0,0.8042307739161154,0.7133076334663768,0.573663950102937,7.173056708747863,9.8,state
2025-10,PA,45360.0,35418.0,25612.0,178357.0,0.7808201058201059,0.7231351290304365,0.5646384479717813,6.963806028424176,10.6,state
2025-10,TN,52920.0,42693.0,29279.0,211992.0,0.8067460317460318,0.6858032932799288,0.5532690854119425,7.240411216230062,11.05,state
2025-10,TX,92502.0,71911.0,42230.0,302579.0,0.7773994075803766,0.5872536885872816,0.4565306696071436,7.165024863840872,9.3,state
2025-10,UT,51480.0,40289.0,26296.0,188992.0,0.7826146076146077,0.6526843555312865,0.5108003108003109,7.187100699726194,10.5,state
2025-10,VA,17730.0,14564.0,10154.0,72656.0,0.8214326001128032,0.6971985718209284,0.5727016356457981,7.155406736261572,10.7,state
2025-10,WA,198000.0,155002.0,111778.0,801132.0,0.7828383838383839,0.7211390820763603,0.5645353535353536,7.16717064180787,11.9,state
2025-10,WI,7884.0,6529.0,4701.0,34101.0,0.8281329274479959,0.7200183795374483,0.5962709284627092,7.253988513082323,11.35,state
2025-10,WY,37170.0,29059.0,16641.0,115116.0,0.7817863868711327,0.5726625141952579,0.44769975786924937,6.917613124211285,8.8,state
2025-11,AL,45414.0,35747.0,22714.0,162856.0,0.7871361254238781,0.6354099644725432,0.5001541374906416,7.169851193096768,9.55,state
2025-11,AZ,20520.0,14306.0,10026.0,72199.0,0.6971734892787524,0.7008248287431846,0.4885964912280702,7.201176939956114,9.75,state
2025-11,CA,132750.0,104474.0,74003.0,526749.0,0.7869981167608286,0.7083389168596972,0.5574613935969868,7.117941164547383,11.1,state
2025-11,CO,50670.0,40543.0,30860.0,215640.0,0.8001381488059996,0.7611671558592112,0.6090388790211171,6.987686325340246,8.9,state
2025-11,FL,106128.0,77901.0,48151.0,363621.0,0.7340287200361827,0.6181050307441496,0.4537068445650535,7.551681169653797,9.95,state
2025-11,GA,71334.0,51536.0,34871.0,242625.0,0.7224605377519836,0.6766338093759702,0.4888412257829366,6.957787273092254,10.3,state
2025-11,ID,35766.0,26630.0,15760.0,109315.0,0.7445618744058603,0.5918137438978596,0.44064195045574006,6.936230964467005,10.5,state
2025-11,IL,4788.0,3891.0,2664.0,18880.0,0.8126566416040101,0.6846569005397071,0.556390977443609,7.087087087087087,9.15,state
2025-11,KY,11754.0,9635.0,6431.0,44852.0,0.8197209460609154,0.6674623767514271,0.547132890930747,6.9743430259679675,11.6,state
2025-11,LA,46422.0,36294.0,22789.0,166225.0,0.7818275817500323,0.6278999283628148,0.490909482572918,7.294089253587257,11.9,state
2025-11,MA,98820.0,76583.0,58579.0,409609.0,0.7749747014774337,0.764908661191126,0.5927848613640964,6.9924204919851825,9.4,state
2025-11,MD,19962.0,16667.0,12468.0,90059.0,0.8349363791203286,0.748065038699226,0.6245867147580403,7.2232114212383705,10.15,state
2025-11,MI,34452.0,26804.0,20017.0,144129.0,0.7780099849065366,0.7467915236531861,0.5810112620457448,7.200329719738223,11.600000000000001,state
2025-11,MS,61542.0,48529.0,28656.0,217440.0,0.7885509083227714,0.5904922829648251,0.46563322608949986,7.5879396984924625,9.850000000000001,state
2025-11,MT,17424.0,10041.0,5917.0,41850.0,0.5762741046831956,0.5892839358629619,0.339589072543618,7.072840966706101,10.65,state
2025-11,NC,17982.0,15122.0,11226.0,77827.0,0.8409520631742854,0.7423621214125116,0.624290957624291,6.932745412435418,10.2,state
2025-11,NJ,45936.0,35888.0,24596.0,175118.0,0.7812608847091606,0.6853544360231832,0.5354406130268199,7.119775573263945,10.9,state
2025-11,NM,52218.0,40804.0,25311.0,178885.0,0.7814163698341569,0.6203068326634643,0.4847179133632081,7.067480542056813,9.8,state
2025-11,NV,46530.0,26680.0,16853.0,119210.0,0.5733935095637224,0.6316716641679161,0.36219643240919835,7.073518067999762,10.399999999999999,state
2025-11,NY,68922.0,54348.0,41401.0,282814.0,0.7885435709932967,0.7617759623169206,0.6006935376222396,6.831091036448395,11.5,state
2025-11,OH,56916.0,43090.0,31197.0,229400.0,0.7570806100217865,0.7239962868414945,0.548123550495467,7.353271147866782,9.9,state
2025-11,OK,38142.0,26289.0,15702.0,115346.0,0.6892402076451156,0.5972840351477804,0.41167217240836873,7.34594319195007,8.45,state
2025-11,OR,165942.0,131101.0,93153.0,656840.0,0.7900410986971351,0.710543779223652,0.5613587880102686,7.051195345292154,10.4,state
2025-11,PA,65160.0,45894.0,33401.0,240846.0,0.7043278084714549,0.7277857672026844,0.5125997544505831,7.210742193347505,10.0,state
2025-11,TN,60210.0,46482.0,32073.0,224025.0,0.7719980069755854,0.6900090357557764,0.5326856003986049,6.984847067626976,11.100000000000001,state
2025-11,TX,108612.0,80464.0,47213.0,356956.0,0.740838949655655,0.5867592960827203,0.43469414061061395,7.560544765212971,10.4,state
2025-11,UT,52290.0,41674.0,27169.0,192337.0,0.7969783897494741,0.6519412583385324,0.5195830942818894,7.079281534101366,10.850000000000001,state
2025-11,VA,17964.0,14909.0,10401.0,72581.0,0.8299376530839456,0.6976323026359916,0.5789913159652639,6.978271320065378,11.1,state
2025-11,WA,204066.0,160435.0,116485.0,836200.0,0.7861917222859272,0.7260572817652009,0.5708202248292219,7.1786066875563375,9.35,state
2025-11,WI,7992.0,6682.0,4841.0,34684.0,0.836086086086086,0.724483687518707,0.6057307307307307,7.1646354059078705,12.1,state
2025-11,WY,47124.0,33878.0,19822.0,145562.0,0.7189118071471012,0.5850994745852766,0.42063492063492064,7.343456765210372,9.7,state
2025-12,AL,46530.0,36605.0,23455.0,164318.0,0.7866967547818612,0.6407594590902882,0.5040833870621104,7.0056704327435515,9.8,state
2025-12,AZ,20790.0,14518.0,10260.0,71376.0,0.6983164983164983,0.7067089130734261,0.4935064935064935,6.95672514619883,9.5,state
2025-12,CA,136476.0,107786.0,76682.0,561645.0,0.7897798880389226,0.7114282003228619,0.5618716843987221,7.324339479930101,10.35,state
2025-12,CO,52236.0,41268.0,31346.0,229533.0,0.7900298644612911,0.7595715808859165,0.6000842330959492,7.32256109232438,9.3,state
2025-12,FL,108252.0,79145.0,49699.0,362841.0,0.7311181317666187,0.6279487017499527,0.45910468166869894,7.300770639248275,10.0,state
2025-12,GA,72450.0,52085.0,35859.0,251050.0,0.7189095928226363,0.688470768935394,0.4949482401656315,7.001031819069132,9.45,state
2025-12,ID,37008.0,27571.0,16170.0,121698.0,0.7450010808473844,0.5864858002974139,0.4369325551232166,7.526159554730984,9.899999999999999,state
2025-12,IL,4896.0,4047.0,2811.0,19797.0,0.8265931372549019,0.6945885841363973,0.5741421568627451,7.042689434364995,9.75,state
2025-12,KY,12042.0,9891.0,6580.0,45595.0,0.8213751868460388,0.6652512384996462,0.5464208603222056,6.929331306990881,9.850000000000001,state
2025-12,LA,47556.0,36749.0,23441.0,176054.0,0.772752123811927,0.6378676970801926,0.4929136176297418,7.510515762979395,11.149999999999999,state
2025-12,MA,99936.0,78241.0,60291.0,443537.0,0.7829110630803714,0.7705806418629618,0.6032961095100865,7.356603804879667,9.5,state
2025-12,MD,20466.0,17411.0,12912.0,93101.0,0.8507280367438679,0.7416001378438918,0.6309000293169159,7.210424411400248,12.35,state
2025-12,MI,35478.0,27333.0,20568.0,151820.0,0.7704211060375444,0.7524969816705082,0.5797395569085066,7.381369117075068,10.45,state
2025-12,MS,62946.0,48429.0,28641.0,212797.0,0.7693737489276523,0.5914018460013628,0.4550090553808026,7.429803428651234,9.25,state
2025-12,MT,17496.0,10112.0,5996.0,42702.0,0.5779606767261088,0.5929588607594937,0.3427069044352995,7.121747831887926,10.15,state
2025-12,NC,18432.0,15524.0,11568.0,80394.0,0.8422309027777778,0.745168770935326,0.6276041666666666,6.949688796680498,10.600000000000001,state
2025-12,NJ,47322.0,35550.0,24531.0,179761.0,0.7512362114872575,0.690042194092827,0.5183846836566501,7.327911622029269,10.95,state
2025-12,NM,53334.0,42247.0,26339.0,183167.0,0.792121348483144,0.6234525528439889,0.4938500768740391,6.954212384676715,11.25,state
2025-12,NV,46908.0,26910.0,17132.0,122569.0,0.5736761320030699,0.6366406540319584,0.36522554788095846,7.154389446649545,11.0,state
2025-12,NY,70974.0,55206.0,43065.0,302995.0,0.7778341364443317,0.7800782523638735,0.606771493786457,7.035759897828863,10.55,state
2025-12,OH,58176.0,44400.0,32227.0,229960.0,0.7632013201320133,0.7258333333333333,0.5539569581958196,7.135631613243554,10.05,state
2025-12,OK,38790.0,26415.0,15745.0,114363.0,0.6809744779582366,0.5960628430815824,0.40590358339778293,7.2634487138774215,8.75,state
2025-12,OR,170856.0,134665.0,94013.0,686093.0,0.788178349019057,0.6981249767942672,0.5502469916186731,7.297852424664674,10.55,state
2025-12,PA,66672.0,46993.0,34170.0,244040.0,0.7048386129109672,0.7271295724895197,0.5125089992800576,7.141937371963711,10.25,state
2025-12,TN,61326.0,48288.0,33862.0,243602.0,0.7873984932981117,0.7012508283631544,0.5521638456772006,7.193963735160357,10.55,state
2025-12,TX,110880.0,80906.0,47444.0,333046.0,0.7296717171717172,0.586408918992411,0.42788600288600287,7.019770677008684,9.65,state
2025-12,UT,53226.0,41496.0,27330.0,189889.0,0.7796189832036975,0.6586176980913823,0.5134708601059632,6.948005854372484,11.05,state
2025-12,VA,18414.0,15268.0,10640.0,75725.0,0.8291517323775388,0.696882368352109,0.5778212229825133,7.117011278195489,11.25,state
2025-12,WA,209826.0,163654.0,114685.0,858475.0,0.7799510070248682,0.7007772495631026,0.5465719214968593,7.485503771199372,10.2,state
2025-12,WI,8190.0,6885.0,4989.0,34962.0,0.8406593406593407,0.7246187363834423,0.6091575091575091,7.007817197835237,9.1,state
2025-12,WY,48150.0,35086.0,20460.0,147920.0,0.728681204569055,0.5831385737901157,0.42492211838006233,7.2297165200391005,9.0,state
2026-01,AL,46674.0,37194.0,23979.0,168749.0,0.7968890602905258,0.6447007581868043,0.513754981360072,7.037366028608366,10.7,state
2026-01,AZ,21078.0,14637.0,10353.0,72593.0,0.6944207230287504,0.7073170731707317,0.49117563336179904,7.01178402395441,11.0,state
2026-01,CA,137934.0,109473.0,78899.0,563530.0,0.7936621862629953,0.7207165237090424,0.5720054518827845,7.142422590907363,9.649999999999999,state
2026-01,CO,52524.0,41925.0,31949.0,230643.0,0.7982065341558144,0.762051282051282,0.6082743126951489,7.219099189333,9.8,state
2026-01,FL,108630.0,79547.0,49899.0,355467.0,0.7322746939151248,0.6272895269463337,0.45934824634078986,7.123729934467625,8.95,state
2026-01,GA,72936.0,52428.0,36484.0,257545.0,0.7188219809147746,0.6958876935988403,0.5002193704069321,7.0591218068194275,9.55,state
2026-01,ID,37062.0,27163.0,16322.0,115617.0,0.7329070206680697,0.6008909177925855,0.44039717230586584,7.08350692317118,9.2,state
2026-01,IL,4968.0,3943.0,2761.0,19174.0,0.7936795491143317,0.7002282525995435,0.5557568438003221,6.944585295182905,10.35,state
2026-01,KY,12186.0,9713.0,6589.0,48562.0,0.7970622025274906,0.6783691959229898,0.540702445429181,7.37016239186523,10.4,state
2026-01,LA,47718.0,38085.0,24513.0,173461.0,0.79812649314724,0.6436392280425365,0.5137055199295864,7.07628605229878,10.8,state
2026-01,MA,101178.0,79319.0,61015.0,445446.0,0.7839550099824072,0.7692356181999269,0.6030461167447468,7.300598213554044,10.75,state
2026-01,MD,20718.0,17294.0,12960.0,92124.0,0.8347330823438556,0.7493928530126055,0.6255430060816681,7.108333333333333,10.1,state
2026-01,MI,34884.0,27504.0,20708.0,150912.0,0.7884416924664602,0.7529086678301338,0.5936245843366587,7.28761831176357,11.25,state
2026-01,MS,63270.0,48626.0,28758.0,209790.0,0.7685474948632843,0.5914120018097314,0.4545282124229493,7.295013561443772,11.600000000000001,state
2026-01,MT,17892.0,9982.0,5957.0,42661.0,0.5579029733959311,0.5967741935483871,0.33294209702660404,7.161490683229814,10.2,state
2026-01,NC,18666.0,15665.0,11910.0,87811.0,0.8392264009428908,0.7602936482604532,0.6380585020893603,7.372879932829555,10.850000000000001,state
2026-01,NJ,46512.0,35082.0,24259.0,175436.0,0.7542569659442725,0.6914942135568097,0.5215643274853801,7.231790263407396,10.45,state
2026-01,NM,53964.0,41876.0,26111.0,189447.0,0.7759988140241643,0.6235313783551437,0.483859610110444,7.25544789552296,10.3,state
2026-01,NV,48078.0,27448.0,17748.0,127547.0,0.5709056117142975,0.6466044884873214,0.3691501310370648,7.186556231688077,9.55,state
2026-01,NY,69786.0,54528.0,42750.0,310254.0,0.7813601581979194,0.7840008802816901,0.6125870518442095,7.2574035087719295,9.95,state
2026-01,OH,57906.0,43959.0,32189.0,229482.0,0.7591441301419543,0.7322505061534612,0.555883673539875,7.129205629252229,10.2,state
2026-01,OK,39564.0,27337.0,16532.0,120975.0,0.6909564250328581,0.60474814354172,0.4178546153068446,7.3176264214856035,9.7,state
2026-01,OR,172692.0,137744.0,95880.0,692100.0,0.7976281472216431,0.6960738761760947,0.5552081161837259,7.218397997496871,10.7,state
2026-01,PA,66420.0,46959.0,34562.0,257673.0,0.7070009033423668,0.7360037479503396,0.5203553146642578,7.455384526358428,10.1,state
2026-01,TN,62154.0,48554.0,34039.0,241658.0,0.7811886604241078,0.7010544960250443,0.5476558226341024,7.099444754546256,11.05,state
2026-01,TX,111132.0,81375.0,47750.0,343979.0,0.7322373393801965,0.5867895545314901,0.429669222186229,7.203748691099476,10.15,state
2026-01,UT,53838.0,42592.0,27936.0,195970.0,0.7911140829897099,0.6558978211870774,0.5188900033433634,7.014962772050401,9.55,state
2026-01,VA,18648.0,15558.0,10980.0,79798.0,0.8342985842985843,0.7057462398765908,0.5888030888030888,7.267577413479053,10.3,state
2026-01,WA,212094.0,167265.0,117940.0,889197.0,0.7886361707544768,0.7051086599109198,0.5560741935179685,7.539401390537561,9.35,state
2026-01,WI,8280.0,6933.0,5036.0,36583.0,0.8373188405797102,0.7263810760132698,0.6082125603864734,7.264297061159651,10.65,state
2026-01,WY,48888.0,35875.0,20857.0,149895.0,0.7338201603665521,0.5813797909407665,0.42662821142202584,7.186795799971232,9.9,state
2026-02,AL,47484.0,37374.0,24234.0,170834.0,0.7870861763962598,0.6484186867876064,0.510361384887541,7.049352149872081,10.9,state
2026-02,AZ,21240.0,14625.0,10495.0,76784.0,0.6885593220338984,0.7176068376068376,0.4941148775894539,7.316245831348261,10.7,state
2026-02,CA,140310.0,111059.0,79897.0,588172.0,0.7915259069203906,0.7194104034792318,0.569431972061863,7.361628096173824,10.1,state
2026-02,CO,53514.0,42320.0,32542.0,234171.0,0.7908210935456143,0.7689508506616257,0.6081025526030571,7.195962141232869,8.7,state
2026-02,FL,109836.0,79967.0,40480.0,269385.0,0.7280581958556394,0.506208811134593,0.3685494737608799,6.654767786561265,9.6,state
2026-02,GA,73944.0,53146.0,28962.0,179371.0,0.7187330953153738,0.5449516426447898,0.39167478091528724,6.193322284372626,10.8,state
2026-02,ID,37728.0,28567.0,17535.0,123884.0,0.757182994062765,0.613820142122029,0.46477417302798985,7.064955802680354,10.55,state
2026-02,IL,5076.0,4117.0,2901.0,20427.0,0.8110717100078803,0.7046393004615011,0.5715130023640662,7.041365046535677,8.5,state
2026-02,KY,12474.0,10035.0,6768.0,49995.0,0.8044733044733045,0.6744394618834081,0.5425685425685426,7.386968085106383,11.8,state
2026-02,LA,48546.0,37858.0,24283.0,175538.0,0.779837679726445,0.6414232130593269,0.5002059901948668,7.228843223654408,9.3,state
2026-02,MA,103428.0,80089.0,62634.0,446153.0,0.7743454383725877,0.7820549638527139,0.6055806938159879,7.123175910847143,10.55,state
2026-02,MD,21204.0,17785.0,10643.0,67107.0,0.8387568383323901,0.598425639583919,0.5019335974344463,6.305271070186977,9.3,state
2026-02,MI,36036.0,28270.0,21580.0,154728.0,0.7844932844932845,0.7633533781393703,0.5988455988455988,7.169972196478221,10.2,state
2026-02,MS,64476.0,49995.0,29958.0,222410.0,0.7754048017867113,0.5992199219921992,0.46463800483900985,7.424060351158288,10.9,state
2026-02,MT,18126.0,10253.0,6125.0,43998.0,0.565651550259296,0.5973861308885204,0.3379123910404943,7.18334693877551,11.75,state
2026-02,NC,19098.0,16102.0,9509.0,58391.0,0.8431249345481202,0.5905477580424792,0.4979055398471044,6.1406036386581135,11.850000000000001,state
2026-02,NJ,48060.0,36259.0,25049.0,178602.0,0.7544527673741157,0.6908353788025042,0.5212026633374948,7.1301049942113455,9.05,state
2026-02,NM,55242.0,43315.0,27063.0,191498.0,0.7840954346330691,0.6247951056216091,0.4898989898989899,7.076007833573514,10.3,state
2026-02,NV,48492.0,27392.0,17533.0,122281.0,0.5648766806895983,0.6400773948598131,0.36156479419285653,6.974334112815833,10.25,state
2026-02,NY,72090.0,56959.0,43873.0,318406.0,0.7901095852406714,0.7702557980301621,0.6085864891108337,7.257447632940533,11.3,state
2026-02,OH,59544.0,45029.0,32882.0,226006.0,0.7562306865511219,0.7302405116702569,0.552230283487841,6.873243719968372,10.8,state
2026-02,OK,40230.0,27552.0,16738.0,119567.0,0.684862043251305,0.6075058072009292,0.4160576684066617,7.1434460509021385,9.5,state
2026-02,OR,175698.0,139724.0,97841.0,720932.0,0.795250941957222,0.7002447682574218,0.5568703115573314,7.36840383888145,10.2,state
2026-02,PA,68130.0,48280.0,35683.0,257912.0,0.7086452370468223,0.7390845070422535,0.5237487156905916,7.227867612028136,10.95,state
2026-02,TN,63540.0,49306.0,34640.0,247825.0,0.7759836323575701,0.7025514136210603,0.545168397859616,7.154301385681293,9.75,state
2026-02,TX,112428.0,82647.0,48386.0,346602.0,0.7351104707012488,0.5854537974760124,0.4303732166364251,7.163270367461663,9.899999999999999,state
2026-02,UT,55116.0,43644.0,28889.0,204030.0,0.7918571739603745,0.6619237466776647,0.5241490674214384,7.0625497594240025,9.95,state
2026-02,VA,19080.0,15814.0,8895.0,54658.0,0.8288259958071279,0.5624762868344505,0.4661949685534591,6.1448004496908375,10.25,state
2026-02,WA,215496.0,168936.0,120202.0,900780.0,0.7839403051564762,0.711523890704172,0.5577922560047518,7.493885293089965,10.45,state
2026-02,WI,8478.0,7125.0,5338.0,36870.0,0.840410474168436,0.7491929824561403,0.6296296296296297,6.9070813038591234,10.05,state
2026-02,WY,49914.0,36483.0,21478.0,151432.0,0.7309171775453781,0.5887125510511745,0.43030011619986375,7.0505633671664025,10.45,state
2026-03,AL,48186.0,38237.0,24923.0,179992.0,0.7935292408583406,0.6518032272406308,0.5172249201012742,7.221923524455322,9.0,state
2026-03,AZ,21582.0,16076.0,11571.0,85243.0,0.7448799925864146,0.7197685991540184,0.5361412288017793,7.366951862414657,9.45,state
2026-03,CA,142002.0,111202.0,81137.0,583362.0,0.7831016464556837,0.7296361576230643,0.5713792763482205,7.189839407422014,9.75,state
2026-03,CO,54468.0,44529.0,34571.0,246814.0,0.817525886759198,0.776370455208965,0.6347029448483513,7.139336438055017,9.8,state
2026-03,FL,111204.0,85112.0,53945.0,399122.0,0.7653681522247401,0.6338119184133847,0.48509945685407,7.398683844656595,10.4,state
2026-03,GA,74664.0,59207.0,41561.0,294456.0,0.7929792135433409,0.7019609167834885,0.5566404157291331,7.0849113351459305,8.35,state
2026-03,ID,38430.0,28103.0,16972.0,121324.0,0.7312776476710903,0.6039212895420418,0.4416341399947957,7.148479849163328,8.95,state
2026-03,IL,5184.0,4216.0,2980.0,20473.0,0.8132716049382716,0.706831119544592,0.5748456790123457,6.870134228187919,9.600000000000001,state
2026-03,KY,12726.0,10303.0,6984.0,48578.0,0.8096023888103095,0.6778608172376978,0.5487977369165488,6.95561282932417,9.65,state
2026-03,LA,49266.0,38881.0,25046.0,181433.0,0.7892055372873787,0.6441706746225663,0.5083830633702756,7.243991056456121,9.95,state
2026-03,MA,104994.0,85301.0,66269.0,470779.0,0.8124369011562566,0.7768842100327077,0.6311694001561994,7.10406072220797,9.8,state
2026-03,MD,21618.0,18084.0,13602.0,98403.0,0.8365251179572578,0.752156602521566,0.6291978906466833,7.234450816056462,10.45,state
2026-03,MI,36702.0,28080.0,21545.0,149489.0,0.7650809220205983,0.7672720797720798,0.5870252302326848,6.938454397772105,11.0,state
2026-03,MS,65466.0,50801.0,30571.0,228020.0,0.7759905905355452,0.6017794925296747,0.4669752237802829,7.458702692093814,10.350000000000001,state
2026-03,MT,18234.0,13797.0,8197.0,57235.0,0.7566633761105627,0.5941146626078133,0.4495448064056159,6.982432597291692,12.05,state
2026-03,NC,19476.0,16359.0,12286.0,86574.0,0.8399568699938386,0.7510239012164558,0.630827685356336,7.046557056812632,10.8,state
2026-03,NJ,48924.0,36968.0,25748.0,188008.0,0.7556209631264819,0.6964942653105388,0.5262856675660208,7.3018486872766815,10.850000000000001,state
2026-03,NM,56250.0,44127.0,27987.0,194320.0,0.78448,0.6342375416411721,0.4975466666666667,6.9432236395469324,10.4,state
2026-03,NV,48726.0,37989.0,24716.0,175513.0,0.7796453638714445,0.6506093869277949,0.507244592209498,7.10118951286616,10.0,state
2026-03,NY,73404.0,57459.0,44629.0,326457.0,0.782777505313062,0.7767103499886876,0.6079913901149802,7.314907347240584,11.899999999999999,state
2026-03,OH,60534.0,47137.0,34790.0,245691.0,0.7786863580797568,0.7380613955067145,0.5747183401063864,7.06211555044553,10.5,state
2026-03,OK,40680.0,32561.0,19757.0,142494.0,0.800417895771878,0.6067688338810233,0.4856686332350049,7.212329807156957,9.85,state
2026-03,OR,177930.0,142394.0,99897.0,719193.0,0.8002810093857134,0.701553436240291,0.5614398920923959,7.199345325685456,10.55,state
2026-03,PA,69030.0,54332.0,40051.0,298028.0,0.7870780819933362,0.7371530589707723,0.5801970157902361,7.441212454120996,10.35,state
2026-03,TN,64566.0,52331.0,37100.0,264625.0,0.8105039804231329,0.7089488066346907,0.5746058296936468,7.132749326145553,8.75,state
2026-03,TX,113706.0,86830.0,51608.0,365766.0,0.7636360438323395,0.5943567891281815,0.4538722670747366,7.087389552007441,10.25,state
2026-03,UT,56106.0,43890.0,29541.0,216866.0,0.7822692760132606,0.6730690362269309,0.5265212276761844,7.341186825090552,10.25,state
2026-03,VA,19458.0,15980.0,11282.0,79798.0,0.821256038647343,0.7060075093867334,0.5798129304142255,7.073036695621344,9.55,state
2026-03,WA,217764.0,174049.0,123569.0,907665.0,0.7992551569589097,0.7099667335060816,0.5674445730240076,7.34541025661776,10.45,state
2026-03,WI,8640.0,7249.0,5325.0,36178.0,0.8390046296296296,0.7345840805628363,0.6163194444444444,6.793990610328638,9.9,state
2026-03,WY,50670.0,40188.0,23830.0,168415.0,0.7931320307874482,0.5929630735542948,0.47029800671008487,7.067352077213596,10.05,state
2026-04,AL,49176.0,39050.0,25600.0,184012.0,0.7940865462827396,0.6555697823303457,0.5205791442980315,7.18796875,9.95,state
2026-04,AZ,21888.0,16218.0,11516.0,80379.0,0.740953947368421,0.7100752250585769,0.5261330409356725,6.979767280305662,11.6,state
2026-04,CA,143028.0,112317.0,81803.0,584314.0,0.7852798053527981,0.7283225157367095,0.5719369633917835,7.142940967935162,10.8,state
2026-04,CO,54630.0,43943.0,34157.0,243849.0,0.804374885593996,0.7773024144915004,0.6252425407285375,7.139063735105542,10.7,state
2026-04,FL,113994.0,87513.0,55459.0,412427.0,0.7676982999105216,0.6337229897272405,0.4865080618278155,7.436610829621883,11.1,state
2026-04,GA,76230.0,60170.0,41945.0,298441.0,0.7893217893217893,0.6971081934518863,0.5502426866063229,7.1150554297294075,11.55,state
2026-04,ID,38466.0,28617.0,17382.0,130960.0,0.7439557011386679,0.6074011950938254,0.45187958196849165,7.534230813485214,11.7,state
2026-04,IL,5202.0,4325.0,3042.0,22406.0,0.8314109957708573,0.7033526011560693,0.5847750865051903,7.365548980933596,11.65,state
2026-04,KY,12798.0,10309.0,7003.0,51828.0,0.8055164869510861,0.6793093413522165,0.5471948741990936,7.400828216478652,12.3,state
2026-04,LA,50256.0,39712.0,25823.0,184630.0,0.7901942056669851,0.6502568493150684,0.513829194524037,7.149827673004686,10.600000000000001,state
2026-04,MA,105120.0,85729.0,67036.0,479243.0,0.8155346270928463,0.7819524314992593,0.6377092846270929,7.14903932215526,11.7,state
2026-04,MD,21744.0,18306.0,13862.0,98914.0,0.8418874172185431,0.7572380640227248,0.6375091979396615,7.135622565286394,12.5,state
2026-04,MI,37260.0,29450.0,22754.0,157711.0,0.7903918411164788,0.7726315789473684,0.6106816961889425,6.931132987606575,13.45,state
2026-04,MS,66492.0,51407.0,31066.0,228365.0,0.7731306021777056,0.6043145875075379,0.4672141009444745,7.35096246700573,11.0,state
2026-04,MT,18450.0,13969.0,8553.0,59017.0,0.7571273712737128,0.6122843439043597,0.4635772357723577,6.90015199345259,10.75,state
2026-04,NC,19584.0,16166.0,12395.0,87900.0,0.8254697712418301,0.7667326487690214,0.6329146241830066,7.09156918112142,10.8,state
2026-04,NJ,49680.0,37720.0,26585.0,184311.0,0.7592592592592593,0.7047985153764581,0.5351247987117552,6.932894489373707,10.75,state
2026-04,NM,56466.0,44192.0,28118.0,205707.0,0.7826302553749159,0.6362690079652426,0.4979633761909822,7.315847499822178,11.55,state
2026-04,NV,49644.0,38631.0,25351.0,174698.0,0.7781605027797921,0.656234630219254,0.5106558697929257,6.891168001262278,11.65,state
2026-04,NY,74538.0,59141.0,46505.0,318530.0,0.7934342214709276,0.7863411169915964,0.6239099519708068,6.849371035372541,11.3,state
2026-04,OH,61182.0,48099.0,35845.0,252051.0,0.7861625968422085,0.7452337886442546,0.5858749305351247,7.031692007253453,11.5,state
2026-04,OK,41166.0,32262.0,19444.0,144259.0,0.7837049992712433,0.602690471762445,0.4723315357333722,7.419203867516972,11.95,state
2026-04,OR,179262.0,142726.0,101332.0,724813.0,0.7961865872298647,0.7099757577456105,0.5652731755754148,7.152853984920855,12.05,state
2026-04,PA,70200.0,55230.0,41034.0,292401.0,0.7867521367521367,0.7429657794676806,0.5845299145299145,7.125822488667934,11.55,state
2026-04,TN,64890.0,51996.0,37153.0,261342.0,0.801294498381877,0.714535733517963,0.5725535521652027,7.034209888838048,12.15,state
2026-04,TX,116802.0,88255.0,53076.0,380180.0,0.7555949384428349,0.6013936887428474,0.45441002722556123,7.162936167005803,11.3,state
2026-04,UT,56196.0,44171.0,29521.0,200478.0,0.7860167983486369,0.6683344275655974,0.5253220869812798,6.791030114156024,10.45,state
2026-04,VA,19566.0,16107.0,11515.0,81485.0,0.8232137381171419,0.7149065623641895,0.5885209036083001,7.076422058184976,11.75,state
2026-04,WA,219438.0,170751.0,123026.0,918062.0,0.7781286741585323,0.7204994407060573,0.5606412745285684,7.462341293710272,10.8,state
2026-04,WI,8694.0,7298.0,5396.0,38701.0,0.8394294916034046,0.7393806522334886,0.6206579250057511,7.172164566345441,11.4,state
2026-04,WY,51120.0,39554.0,23243.0,168306.0,0.7737480438184664,0.5876270415128685,0.45467527386541473,7.241147872477735,11.45,state
2026-05,AL,49572.0,39005.0,25638.0,183066.0,0.7868353102557896,0.6573003461094732,0.5171871217622852,7.14041656915516,10.7,state
2026-05,AZ,22248.0,16555.0,12120.0,91720.0,0.7441118302768788,0.7321051041981275,0.5447680690399137,7.567656765676568,10.85,state
2026-05,CA,144504.0,113528.0,83067.0,582999.0,0.7856391518573881,0.7316873370446058,0.5748422189005149,7.018418866697966,11.4,state
2026-05,CO,55080.0,44586.0,34546.0,239587.0,0.8094771241830065,0.7748172071950836,0.627196804647785,6.935303653100214,11.0,state
2026-05,FL,115650.0,89257.0,57042.0,425665.0,0.771785559878945,0.6390759268180647,0.4932295719844358,7.4623084744574175,12.6,state
2026-05,GA,77562.0,61584.0,43385.0,307168.0,0.7939970604161832,0.7044849311509483,0.5593589644413501,7.080050708770313,10.85,state
2026-05,ID,38844.0,28607.0,17572.0,126321.0,0.736458655133354,0.6142552522109973,0.4523735969519102,7.188766218984749,10.65,state
2026-05,IL,5220.0,4281.0,3015.0,21459.0,0.8201149425287356,0.7042747021723896,0.5775862068965517,7.117412935323383,11.45,state
2026-05,KY,12798.0,10436.0,7214.0,52325.0,0.815439912486326,0.6912610195477195,0.5636818252852008,7.253257554754644,11.45,state
2026-05,LA,50652.0,39701.0,25911.0,178408.0,0.7837992576798547,0.6526535855520013,0.511549395877754,6.8854154606151825,10.649999999999999,state
2026-05,MA,106704.0,86507.0,68311.0,488526.0,0.8107193732193733,0.7896586403412441,0.6401915579547158,7.151498294564565,10.8,state
2026-05,MD,21762.0,18261.0,13991.0,100133.0,0.8391232423490488,0.7661683368928317,0.6429096590386914,7.156958044457151,11.75,state
2026-05,MI,37944.0,29213.0,22492.0,162670.0,0.7698977440438541,0.7699311950159176,0.5927682901117436,7.232349279743909,11.3,state
2026-05,MS,67050.0,51734.0,31356.0,239408.0,0.7715734526472782,0.6061004368500406,0.4676510067114094,7.635157545605307,11.399999999999999,state
2026-05,MT,18882.0,14413.0,8729.0,63312.0,0.7633195636055503,0.6056338028169014,0.46229213007096703,7.253064497651507,10.05,state
2026-05,NC,19602.0,16719.0,12836.0,94371.0,0.8529231711049893,0.7677492673006758,0.6548311396796245,7.352056715487691,10.9,state
2026-05,NJ,50598.0,37524.0,26776.0,189930.0,0.7416103403296573,0.7135699818782646,0.5291908771097672,7.093292500746937,10.850000000000001,state
2026-05,NM,56754.0,44461.0,28536.0,199876.0,0.7833985269760722,0.6418209217066643,0.5028015646474258,7.004345388281469,10.55,state
2026-05,NV,50634.0,39149.0,25721.0,185148.0,0.7731761267132756,0.6570027331477177,0.5079788284551882,7.198320438552156,11.5,state
2026-05,NY,75906.0,59482.0,47032.0,347933.0,0.7836271177509024,0.7906929827510844,0.6196084630990962,7.397792992005443,10.2,state
2026-05,OH,62244.0,48609.0,36454.0,259754.0,0.7809427414690573,0.7499434261145056,0.5856628751365593,7.125528062764031,12.350000000000001,state
2026-05,OK,41562.0,32675.0,20162.0,145267.0,0.786174871276647,0.6170466717674062,0.485106587748424,7.20498958436663,11.899999999999999,state
2026-05,OR,180846.0,144968.0,103370.0,771627.0,0.8016102097917566,0.7130539153468352,0.5715912986740099,7.46470929670117,11.5,state
2026-05,PA,71550.0,55490.0,41096.0,290539.0,0.7755415793151642,0.7406019102540998,0.5743675751222921,7.069763480630718,10.5,state
2026-05,TN,65394.0,53558.0,38388.0,269507.0,0.8190048016637612,0.7167556667537996,0.5870263326910726,7.020605397520058,10.8,state
2026-05,TX,118458.0,89857.0,54596.0,395942.0,0.7585557750426312,0.6075876114270452,0.46088909149234325,7.252216279580922,11.25,state
2026-05,UT,56664.0,44914.0,29932.0,213223.0,0.7926373005788507,0.6664291757581156,0.5282366228999011,7.123580114927168,11.75,state
2026-05,VA,19584.0,16404.0,11824.0,85028.0,0.8376225490196079,0.7207998049256279,0.6037581699346405,7.191136671177267,10.899999999999999,state
2026-05,WA,222120.0,175805.0,126432.0,900217.0,0.7914865838285612,0.7191604334347714,0.5692058346839546,7.120167362692989,12.149999999999999,state
2026-05,WI,8712.0,7216.0,5331.0,38304.0,0.8282828282828283,0.7387749445676275,0.6119146005509641,7.185143500281373,12.45,state
2026-05,WY,51372.0,39830.0,23891.0,170146.0,0.7753250798100132,0.5998242530755712,0.4650587868877988,7.1217613327194345,11.350000000000001,state
2026-06,AL,49914.0,39473.0,25865.0,185769.0,0.7908202107625115,0.6552580244724242,0.5181912890171094,7.182254011212063,9.5,state
2026-06,AZ,22158.0,16353.0,11855.0,84736.0,0.7380178716490658,0.7249434354552682,0.5350212113006589,7.147701391817798,10.85,state
2026-06,CA,148140.0,117856.0,86975.0,625989.0,0.7955717564466046,0.7379768531088786,0.5871135412447684,7.197344064386318,10.0,state
2026-06,CO,56754.0,45998.0,35894.0,261338.0,0.8104803185678543,0.780338275577199,0.6324488141804983,7.280826879144147,10.0,state
2026-06,FL,115254.0,88581.0,57105.0,434453.0,0.7685720235306367,0.6446642056422935,0.495470873028268,7.607967778653358,9.75,state
2026-06,GA,77688.0,61985.0,43833.0,316256.0,0.7978709710637422,0.7071549568443979,0.5642184121099784,7.215020646544841,9.35,state
2026-06,ID,40176.0,29568.0,17893.0,127514.0,0.7359617682198327,0.6051474567099567,0.4453653922739944,7.126474040127424,9.3,state
2026-06,IL,5328.0,4368.0,3101.0,21914.0,0.8198198198198198,0.7099358974358975,0.5820195195195195,7.066752660432119,9.75,state
2026-06,KY,13104.0,10649.0,7261.0,51320.0,0.8126526251526252,0.6818480608507841,0.5541056166056166,7.067896983886517,9.1,state
2026-06,LA,51030.0,39689.0,25864.0,182066.0,0.7777581814618851,0.6516667086598302,0.5068391142465216,7.039359727806991,9.9,state
2026-06,MA,108180.0,88275.0,69660.0,491147.0,0.8160011092623406,0.789124893797791,0.6439267886855241,7.050631639391329,9.25,state
2026-06,MD,22266.0,19019.0,14657.0,105737.0,0.8541722806072038,0.7706504022293496,0.6582682116231025,7.214095653953742,10.0,state
2026-06,MI,37836.0,29131.0,22870.0,166289.0,0.7699281107939528,0.7850743194535031,0.6044507876096838,7.271053782247486,9.95,state
2026-06,MS,67680.0,52074.0,31880.0,235573.0,0.7694148936170213,0.6122057072627415,0.4710401891252955,7.389366373902133,10.5,state
2026-06,MT,19062.0,14353.0,8724.0,64008.0,0.752964012170811,0.6078171810771267,0.45766446333018573,7.337001375515818,10.1,state
2026-06,NC,20052.0,16680.0,12797.0,86986.0,0.8318372232196289,0.7672062350119904,0.6381907041691602,6.797374384621396,10.7,state
2026-06,NJ,50436.0,37525.0,26658.0,193528.0,0.7440122134982948,0.7104063957361759,0.5285510349750179,7.259659389301523,8.7,state
2026-06,NM,57888.0,45783.0,29335.0,216126.0,0.790889303482587,0.6407400126684577,0.5067544223327806,7.367513209476734,10.05,state
2026-06,NV,51030.0,39457.0,26019.0,183519.0,0.7732118361747992,0.6594267176926781,0.5098765432098765,7.053268765133172,11.149999999999999,state
2026-06,NY,75672.0,59905.0,48126.0,357323.0,0.7916402368115023,0.8033720056756531,0.6359816048208056,7.4247392261978975,11.5,state
2026-06,OH,62478.0,48622.0,36352.0,267709.0,0.7782259355293063,0.747645098926412,0.5818368065559076,7.364354093309859,11.1,state
2026-06,OK,42336.0,33827.0,20681.0,153552.0,0.7990126606198035,0.61137552842404,0.48849678760393045,7.424786035491514,9.45,state
2026-06,OR,185598.0,148262.0,110386.0,800405.0,0.7988340391599047,0.7445333261388623,0.594758564208666,7.250964796260395,10.75,state
2026-06,PA,71640.0,56361.0,42527.0,304390.0,0.7867252931323283,0.7545465836305246,0.5936208821887213,7.1575704846332915,10.55,state
2026-06,TN,66600.0,53254.0,38276.0,272385.0,0.7996096096096096,0.7187441318961956,0.5747147147147147,7.1163392203992055,9.5,state
2026-06,TX,118170.0,90108.0,55335.0,389931.0,0.7625285605483625,0.6140964176321747,0.4682660573749683,7.046733532122526,9.95,state
2026-06,UT,57690.0,45997.0,31323.0,228630.0,0.7973132258623679,0.6809791942952801,0.542953718148726,7.299109280720238,9.75,state
2026-06,VA,20034.0,16557.0,12015.0,86015.0,0.8264450434261755,0.7256749411125204,0.5997304582210242,7.158967956720765,9.75,state
2026-06,WA,227718.0,179544.0,133651.0,960725.0,0.7884488709719917,0.7443913469678741,0.5869145170781405,7.188311348212883,9.4,state
2026-06,WI,8910.0,7541.0,5640.0,40862.0,0.8463524130190797,0.7479114175838748,0.632996632996633,7.2450354609929075,10.55,state
2026-06,WY,52434.0,41675.0,25011.0,174773.0,0.7948087119044894,0.6001439712057588,0.4769996567112942,6.987845348046859,9.2,state
2025-07,Bamboo Health,86279.0,68545.0,36108.0,67293.0,0.7944575157338403,0.5267780290320228,0.4185027642879496,1.8636590229312064,0.2,network
2025-07,Carequality,603953.0,484925.0,355821.0,2491116.0,0.8029184390176056,0.7337650152085374,0.5891534606169685,7.001037038286104,12.2,network
2025-07,CommonWell,603953.0,450541.0,297502.0,2081526.0,0.7459868565931455,0.6603217021314376,0.4925913109132664,6.996679013922596,12.5,network
2025-07,PointClickCare,86279.0,66156.0,30266.0,58992.0,0.7667682750147776,0.4574944071588367,0.3507921974060895,1.9491178219784577,0.2,network
2025-07,Quest Labs,86279.0,71273.0,32849.0,461837.0,0.8260758701422131,0.46088981802365553,0.38072995746357746,14.05939297999939,3.1,network
2025-07,Surescripts,86279.0,74996.0,64258.0,692131.0,0.8692265788894169,0.8568190303482852,0.7447698744769874,10.771125774222664,2.7,network
2025-08,Bamboo Health,87670.0,68762.0,36098.0,65815.0,0.784327592106764,0.5249701870219017,0.4117486027147257,1.8232312039448169,0.2,network
2025-08,Carequality,613690.0,495145.0,369458.0,2611170.0,0.8068324398311851,0.7461612254996012,0.6020270820772703,7.067569250090673,12.2,network
2025-08,CommonWell,613690.0,456120.0,300895.0,2083920.0,0.7432417018364321,0.659683855125844,0.4903045511577507,6.925738214327257,12.1,network
2025-08,PointClickCare,87670.0,67321.0,30586.0,56463.0,0.7678909547165507,0.45433074375009286,0.3488764685753393,1.8460406722029687,0.2,network
2025-08,Quest Labs,87670.0,72031.0,33342.0,466813.0,0.8216151477130147,0.4628840360400383,0.38031253564503253,14.000749805050686,3.0,network
2025-08,Surescripts,87670.0,76527.0,65474.0,723192.0,0.8728983688833124,0.8555673161106537,0.746823314702863,11.045483703454806,2.7,network
2025-09,Bamboo Health,88656.0,69877.0,36741.0,70235.0,0.7881812849666125,0.5257953260729568,0.4144220357336221,1.911624615552108,0.2,network
2025-09,Carequality,620592.0,500717.0,377190.0,2674094.0,0.8068376646814654,0.753299768132498,0.6077906257251141,7.089514568254725,12.6,network
2025-09,CommonWell,620592.0,463218.0,304734.0,2140368.0,0.7464131023280997,0.6578630364105021,0.4910375899141465,7.023725609876155,12.5,network
2025-09,PointClickCare,88656.0,67963.0,31106.0,59249.0,0.7665922216206461,0.457690213792799,0.35086175780545026,1.9047450652607214,0.2,network
2025-09,Quest Labs,88656.0,73255.0,34065.0,479799.0,0.8262836130662335,0.4650194525970924,0.3842379534380076,14.084808454425364,3.1,network
2025-09,Surescripts,88656.0,77425.0,66050.0,719267.0,0.8733193466883235,0.8530836293186955,0.745014437827107,10.889735049205148,2.4,network
2025-10,Bamboo Health,90025.0,70818.0,36979.0,72005.0,0.7866481532907525,0.5221695049281256,0.41076367675645653,1.9471862408393954,0.2,network
2025-10,Carequality,630175.0,507976.0,387262.0,2704055.0,0.8060871980005554,0.7623627887931713,0.6145308842781767,6.9824950550273455,12.3,network
2025-10,CommonWell,630175.0,472843.0,312677.0,2198889.0,0.7503360177728409,0.661270231345288,0.49617487205934857,7.032461613741977,12.5,network
2025-10,PointClickCare,90025.0,69248.0,31408.0,58789.0,0.7692085531796723,0.4535582255083179,0.34888086642599275,1.8717842587875702,0.2,network
2025-10,Quest Labs,90025.0,74360.0,33764.0,474178.0,0.8259927797833935,0.45406132329209253,0.3750513746181616,14.043892903684398,3.2,network
2025-10,Surescripts,90025.0,78543.0,67017.0,753359.0,0.8724576506525965,0.8532523585806501,0.7444265481810608,11.241311905934316,2.6,network
2025-11,Bamboo Health,100764.0,77280.0,39792.0,75898.0,0.766940574014529,0.5149068322981366,0.3949029415267357,1.907368315239244,0.2,network
2025-11,Carequality,705348.0,550956.0,422923.0,2954627.0,0.7811123020126236,0.7676166517834455,0.5995948099377896,6.986205526774377,12.3,network
2025-11,CommonWell,705348.0,514024.0,338066.0,2362763.0,0.7287523321821285,0.6576852442687501,0.47928965560262454,6.989058349553046,12.3,network
2025-11,PointClickCare,100764.0,74942.0,33978.0,62828.0,0.7437378428803938,0.45339062208107606,0.3372037632487793,1.8490788157042792,0.2,network
2025-11,Quest Labs,100764.0,80848.0,37120.0,507716.0,0.8023500456512247,0.45913318820502674,0.3683855345162955,13.677693965517241,3.3,network
2025-11,Surescripts,100764.0,85271.0,72871.0,800848.0,0.8462446905640904,0.8545812761665748,0.7231848676114485,10.989941128844121,2.7,network
2025-12,Bamboo Health,103113.0,78930.0,41484.0,78918.0,0.7654708911582438,0.525579627518054,0.40231590585086263,1.9023719988429273,0.2,network
2025-12,Carequality,721791.0,562261.0,437299.0,3088771.0,0.7789803419549426,0.777750902161096,0.6058526637212157,7.063293078648705,12.3,network
2025-12,CommonWell,721791.0,522809.0,344311.0,2383781.0,0.7243218604831593,0.6585789456570181,0.47702312719332884,6.923336750786353,12.3,network
2025-12,PointClickCare,103113.0,76900.0,27291.0,52427.0,0.7457837518062708,0.354889466840052,0.2646707980565011,1.9210362390531677,0.2,network
2025-12,Quest Labs,103113.0,82422.0,37411.0,520846.0,0.7993366500829188,0.45389580451821115,0.36281555187027825,13.92226885140734,3.2,network
2025-12,Surescripts,103113.0,87362.0,75115.0,850082.0,0.8472452552054542,0.8598131910899476,0.7284726465140186,11.317073820142449,2.6,network
2026-01,Bamboo Health,103793.0,79416.0,41355.0,78679.0,0.7651383041245556,0.5207388939256573,0.39843727418997427,1.902526901221134,0.2,network
2026-01,Carequality,726551.0,568295.0,447510.0,3162660.0,0.7821818427061555,0.7874607378210261,0.615937490967599,7.067238720922438,12.3,network
2026-01,CommonWell,726551.0,529956.0,348841.0,2462403.0,0.729413351574769,0.65824521281012,0.48013284683387675,7.058811894244083,12.3,network
2026-01,PointClickCare,103793.0,77058.0,27467.0,52564.0,0.7424200090564874,0.3564457940771886,0.2646324896669332,1.9137146393854443,0.2,network
2026-01,Quest Labs,103793.0,82944.0,37583.0,520297.0,0.7991290356767797,0.4531129436728395,0.36209570972994326,13.843945400846128,3.1,network
2026-01,Surescripts,103793.0,87914.0,74869.0,797476.0,0.8470128043316987,0.8516163523443365,0.7213299548139085,10.651618159718975,2.6,network
2026-02,Bamboo Health,105781.0,81049.0,42325.0,78046.0,0.7661961978048988,0.5222149563844094,0.4001191140185856,1.8439692852923804,0.2,network
2026-02,Carequality,740467.0,580258.0,436012.0,2966413.0,0.7836378933834999,0.7514105794319079,0.5888338035320952,6.803512288652606,12.3,network
2026-02,CommonWell,740467.0,535892.0,352241.0,2485543.0,0.7237216513362513,0.6572984855157382,0.47570114535826713,7.056370496336315,12.2,network
2026-02,PointClickCare,105781.0,78842.0,28197.0,53970.0,0.7453323375653472,0.3576393292914944,0.2665601573061325,1.9140334078093415,0.2,network
2026-02,Quest Labs,105781.0,84519.0,38667.0,529691.0,0.7989998203836227,0.45749476449082455,0.3655382346546166,13.698787079421729,3.2,network
2026-02,Surescripts,105781.0,89467.0,75594.0,845086.0,0.8457757064123047,0.8449372394290632,0.7146273905521786,11.179273487313807,2.6,network
2026-03,Bamboo Health,107255.0,84587.0,44246.0,83447.0,0.7886532096405762,0.5230827432111317,0.41253088434105634,1.8859783935270984,0.2,network
2026-03,Carequality,750785.0,606557.0,487452.0,3400066.0,0.8078970677357699,0.8036375806395771,0.6492564449209827,6.975181146041046,12.2,network
2026-03,CommonWell,750785.0,565712.0,370144.0,2590139.0,0.753494009603282,0.6542975931215884,0.49300931691496236,6.997652265064407,12.3,network
2026-03,PointClickCare,107255.0,82594.0,30042.0,57344.0,0.7700713253461378,0.3637310216238468,0.28009882989138035,1.9087943545702684,0.2,network
2026-03,Quest Labs,107255.0,88722.0,40503.0,581598.0,0.8272061908535733,0.45651585852437954,0.37763274439420075,14.3593807866084,3.3,network
2026-03,Surescripts,107255.0,93600.0,79603.0,867720.0,0.8726865880378537,0.8504594017094017,0.7421845135424922,10.900594198711104,2.6,network
2026-04,Bamboo Health,108509.0,85350.0,44526.0,82679.0,0.7865706992046743,0.5216871704745167,0.4103438424462487,1.8568701432870682,0.2,network
2026-04,Carequality,759563.0,610596.0,496505.0,3444899.0,0.8038780193348017,0.8131481372298541,0.6536719139821187,6.938296693890293,11.9,network
2026-04,CommonWell,759563.0,569506.0,374805.0,2633885.0,0.7497811241463842,0.6581230048498172,0.49344820640289216,7.027347554061445,12.4,network
2026-04,PointClickCare,108509.0,83652.0,29598.0,54943.0,0.7709222276493194,0.35382298092095826,0.27277000064510776,1.8563078586390973,0.2,network
2026-04,Quest Labs,108509.0,89462.0,40707.0,562696.0,0.8244661733128128,0.455020008495227,0.3751486051848234,13.823077112044611,19.3,network
2026-04,Surescripts,108509.0,94768.0,80399.0,870618.0,0.8733653429669428,0.8483770893128482,0.7409431475730124,10.828716775084267,2.7,network
2026-05,Bamboo Health,109804.0,86548.0,44806.0,85141.0,0.7882044369968307,0.5177011600499145,0.408054351389749,1.9002142570191491,0.2,network
2026-05,Carequality,768628.0,618947.0,508359.0,3535337.0,0.8052621033842119,0.8213288052127242,0.66138496125564,6.954410170765148,12.2,network
2026-05,CommonWell,768628.0,578361.0,379927.0,2673171.0,0.7524589268150522,0.6569028686235759,0.4942924275462252,7.036012181287457,12.4,network
2026-05,PointClickCare,109804.0,84553.0,30912.0,57653.0,0.7700356999745,0.36559317824323206,0.28151979891442935,1.8650685817805384,0.2,network
2026-05,Quest Labs,109804.0,90331.0,41715.0,580509.0,0.8226567338166187,0.4618015963511973,0.3799041929255765,13.916073354908306,19.0,network
2026-05,Surescripts,109804.0,95589.0,81047.0,887768.0,0.8705420567556738,0.8478695247361098,0.7381060799242286,10.953742889928066,2.6,network
2026-06,Bamboo Health,111292.0,87700.0,45838.0,86347.0,0.7880171081479351,0.5226681870011403,0.41187147324156276,1.8837427461931149,0.2,network
2026-06,Carequality,779044.0,629664.0,522111.0,3673646.0,0.8082521654746073,0.829189853636225,0.6701944947910516,7.036139824673297,12.3,network
2026-06,CommonWell,779044.0,586334.0,385790.0,2722207.0,0.752632713941703,0.6579696896308248,0.4952095131982276,7.0561886000155525,11.9,network
2026-06,PointClickCare,111292.0,85713.0,38937.0,73181.0,0.7701631743521546,0.4542718140772112,0.3498634223484168,1.879471967537304,0.2,network
2026-06,Quest Labs,111292.0,92130.0,41769.0,598705.0,0.8278223052869927,0.4533702377075871,0.37530999532760667,14.333716392539921,3.3,network
2026-06,Surescripts,111292.0,96929.0,83124.0,916882.0,0.8709431046256694,0.8575761639963272,0.7469000467239334,11.030292093739474,2.7,network
2025-07,adt_events,172558.0,134701.0,66374.0,126285.0,0.7806128953743089,0.492750610611651,0.38464748084701955,1.902627534878115,0.2,data_type
2025-07,allergies,172558.0,133638.0,93699.0,150694.0,0.7744526478053756,0.7011403941992547,0.5430000347709176,1.6082775696645641,15.0,data_type
2025-07,conditions,172558.0,133638.0,94009.0,585424.0,0.7744526478053756,0.7034600936859277,0.5447965321804843,6.227318660979268,12.8,data_type
2025-07,documents,172558.0,133638.0,88649.0,360915.0,0.7744526478053756,0.6633517412711953,0.5137345124537837,4.07128111992239,15.350000000000001,data_type
2025-07,encounters,172558.0,133638.0,94120.0,905206.0,0.7744526478053756,0.704290695760188,0.5454397941561678,9.617573310667233,10.3,data_type
2025-07,immunizations,172558.0,133638.0,94486.0,225689.0,0.7744526478053756,0.707029437734776,0.5475608201300433,2.388597252503016,20.25,data_type
2025-07,labs,258837.0,204911.0,126311.0,1758541.0,0.7916603885843214,0.6164188354944342,0.48799437483821867,13.922310804284663,3.2,data_type
2025-07,medications,258837.0,208634.0,159156.0,1740141.0,0.8060439581667227,0.7628478579713757,0.6148889069182536,10.93355575661615,2.6,data_type
2025-08,adt_events,175340.0,136083.0,66684.0,122278.0,0.7761092734116574,0.4900244703600009,0.38031253564503253,1.833693239757663,0.2,data_type
2025-08,allergies,175340.0,135895.0,95909.0,152606.0,0.7750370708338086,0.7057581220795467,0.5469887076537013,1.5911541148380235,14.3,data_type
2025-08,conditions,175340.0,135895.0,96669.0,601371.0,0.7750370708338086,0.7113506751536113,0.551323143606707,6.220929149986035,12.4,data_type
2025-08,documents,175340.0,135895.0,91360.0,374581.0,0.7750370708338086,0.6722837484822841,0.5210448271928824,4.10005472854641,15.6,data_type
2025-08,encounters,175340.0,135895.0,96922.0,908333.0,0.7750370708338086,0.7132124066374774,0.5527660545226417,9.371793813582055,10.55,data_type
2025-08,immunizations,175340.0,135895.0,96531.0,232773.0,0.7750370708338086,0.7103351852533206,0.5505361012889244,2.411380799950275,21.75,data_type
2025-08,labs,263010.0,207926.0,129624.0,1817826.0,0.7905630964602106,0.6234140992468474,0.49284818067754077,14.023838178115163,3.1,data_type
2025-08,medications,263010.0,212422.0,162154.0,1797605.0,0.8076575035169765,0.763357844291081,0.6165316908102354,11.085788818037175,2.6,data_type
2025-09,adt_events,177312.0,137840.0,67847.0,129484.0,0.7773867532936293,0.4922156123041207,0.3826418967695362,1.9084705292791133,0.2,data_type
2025-09,allergies,177312.0,137705.0,98246.0,157674.0,0.7766253835047825,0.7134526705638866,0.5540854538891897,1.6048897665044888,14.7,data_type
2025-09,conditions,177312.0,137705.0,97950.0,621763.0,0.7766253835047825,0.7113031480338404,0.5524160801299405,6.347759060745278,13.0,data_type
2025-09,documents,177312.0,137705.0,92512.0,379253.0,0.7766253835047825,0.6718129334446825,0.5217469770799494,4.0995006053268765,15.8,data_type
2025-09,encounters,177312.0,137705.0,97719.0,924931.0,0.7766253835047825,0.7096256490323518,0.5511132918245804,9.46521147371545,10.5,data_type
2025-09,immunizations,177312.0,137705.0,98886.0,241865.0,0.7766253835047825,0.7181002868450673,0.5576949106659448,2.445897295876059,20.95,data_type
2025-09,labs,265968.0,210960.0,132377.0,1877387.0,0.7931781266919329,0.6274981039059537,0.49771777055886424,14.182123782832365,3.1,data_type
2025-09,medications,265968.0,215130.0,164349.0,1810655.0,0.8088567045659628,0.7639520290057175,0.6179277206280455,11.017134269146755,2.6,data_type
2025-10,adt_events,180050.0,140066.0,68387.0,130794.0,0.7779283532352125,0.4882483971841846,0.37982227159122467,1.9125564800327548,0.2,data_type
2025-10,allergies,180050.0,140117.0,101319.0,161799.0,0.7782116078866982,0.7231028354874854,0.5627270202721466,1.5969265389512333,14.55,data_type
2025-10,conditions,180050.0,140117.0,100757.0,624983.0,0.7782116078866982,0.7190919017678084,0.5596056650930297,6.20287424198815,13.0,data_type
2025-10,documents,180050.0,140117.0,94714.0,390292.0,0.7782116078866982,0.6759636589421698,0.5260427658983615,4.1207424456785695,15.55,data_type
2025-10,encounters,180050.0,140117.0,100829.0,960976.0,0.7782116078866982,0.7196057580450623,0.5600055540127742,9.530750081821697,10.8,data_type
2025-10,immunizations,180050.0,140117.0,100615.0,243580.0,0.7782116078866982,0.7180784629987796,0.5588169952790891,2.420911394921234,20.4,data_type
2025-10,labs,270075.0,214477.0,135005.0,1885930.0,0.7941386651855966,0.6294614340931661,0.49987966305655834,13.969334469093738,3.1,data_type
2025-10,medications,270075.0,218660.0,167481.0,1862921.0,0.8096269554753309,0.7659425592243666,0.6201277422938073,11.12317815155152,2.6,data_type
2025-11,adt_events,201528.0,152222.0,73770.0,138726.0,0.7553392084474614,0.4846211454323291,0.36605335238775755,1.8805205368035787,0.2,data_type
2025-11,allergies,201528.0,152140.0,108684.0,174041.0,0.7549323170973761,0.714368344945445,0.5392997499106824,1.601348864598285,15.0,data_type
2025-11,conditions,201528.0,152140.0,109464.0,684401.0,0.7549323170973761,0.719495201787827,0.5431701798261284,6.252292991303077,12.850000000000001,data_type
2025-11,documents,201528.0,152140.0,103499.0,425642.0,0.7549323170973761,0.6802878927303799,0.5135713151522369,4.112522826307501,15.5,data_type
2025-11,encounters,201528.0,152140.0,109871.0,1039256.0,0.7549323170973761,0.7221703693966084,0.5451897503076496,9.45887449827525,11.0,data_type
2025-11,immunizations,201528.0,152140.0,109649.0,264827.0,0.7549323170973761,0.7207111870645458,0.544088166408638,2.4152249450519383,20.95,data_type
2025-11,labs,302292.0,232988.0,147086.0,2062447.0,0.7707382266153255,0.6313028997201573,0.4865692773874267,14.022048325469454,3.2,data_type
2025-11,medications,302292.0,237411.0,182727.0,1975340.0,0.7853697749196141,0.7696652640357861,0.6044718351792306,10.810334542787874,2.7,data_type
2025-12,adt_events,206226.0,155830.0,68775.0,131345.0,0.7556273214822573,0.4413463389591221,0.3334933519536819,1.9097782624500181,0.2,data_type
2025-12,allergies,206226.0,155010.0,112989.0,186243.0,0.751651101219051,0.7289142635958971,0.5478892089261296,1.6483285983591323,15.2,data_type
2025-12,conditions,206226.0,155010.0,112610.0,700189.0,0.751651101219051,0.7264692600477388,0.546051419316672,6.217822573483705,12.45,data_type
2025-12,documents,206226.0,155010.0,106013.0,446277.0,0.751651101219051,0.6839107154377136,0.5140622423942665,4.209644100251856,15.9,data_type
2025-12,encounters,206226.0,155010.0,113156.0,1081623.0,0.751651101219051,0.7299916134442939,0.5486990001260753,9.558688889674432,10.2,data_type
2025-12,immunizations,206226.0,155010.0,112603.0,269383.0,0.751651101219051,0.7264241016708599,0.5460174759729617,2.3923252488832447,21.25,data_type
2025-12,labs,309339.0,237432.0,149511.0,2098299.0,0.7675462841736735,0.6297002931365612,0.48332412014004056,14.034412183718924,3.1,data_type
2025-12,medications,309339.0,242372.0,187254.0,2061466.0,0.7835158192145187,0.7725892429818626,0.605335893631259,11.00892904824463,2.6,data_type
2026-01,adt_events,207586.0,156474.0,68822.0,131243.0,0.7537791565905215,0.43983025934020986,0.33153488192845376,1.9069919502484671,0.2,data_type
2026-01,allergies,207586.0,156893.0,114548.0,182730.0,0.7557975971404622,0.7301026814453162,0.5518098523021784,1.5952264552851207,15.3,data_type
2026-01,conditions,207586.0,156893.0,114405.0,715015.0,0.7557975971404622,0.7291912322410815,0.5511209811837022,6.249857960753464,12.7,data_type
2026-01,documents,207586.0,156893.0,107832.0,433231.0,0.7557975971404622,0.6872964376995787,0.519456996136541,4.017647822538764,16.0,data_type
2026-01,encounters,207586.0,156893.0,114850.0,1098221.0,0.7557975971404622,0.7320275601843295,0.5532646710279113,9.562220287331302,10.4,data_type
2026-01,immunizations,207586.0,156893.0,114914.0,275102.0,0.7557975971404622,0.7324354815065044,0.5535729769830335,2.3939815862297023,21.2,data_type
2026-01,labs,311379.0,239837.0,152453.0,2167828.0,0.7702414099859014,0.6356525473550787,0.4896059143359058,14.219648022669281,3.1,data_type
2026-01,medications,311379.0,244807.0,189801.0,2070709.0,0.7862026662042078,0.7753087125776632,0.6095497769599106,10.909895100658058,2.6,data_type
2026-02,adt_events,211562.0,159891.0,70522.0,132016.0,0.7557642676851231,0.4410629741511405,0.333339635662359,1.8719832109129066,0.2,data_type
2026-02,allergies,211562.0,159450.0,113457.0,177403.0,0.7536797723598756,0.711552210724365,0.5362825082009056,1.563614408983139,14.05,data_type
2026-02,conditions,211562.0,159450.0,113575.0,690787.0,0.7536797723598756,0.7122922546252743,0.5368402643196794,6.082209993396434,12.649999999999999,data_type
2026-02,documents,211562.0,159450.0,107604.0,442951.0,0.7536797723598756,0.6748447789275634,0.5086168593603766,4.116491951972046,15.850000000000001,data_type
2026-02,encounters,211562.0,159450.0,113346.0,1062725.0,0.7536797723598756,0.7108560677328316,0.5357578393095168,9.375937395232297,10.45,data_type
2026-02,immunizations,211562.0,159450.0,113374.0,269802.0,0.7536797723598756,0.7110316713703355,0.5358901882190563,2.3797519713514563,21.5,data_type
2026-02,labs,317343.0,243969.0,152234.0,2106332.0,0.768786455034458,0.6239891133709611,0.4797143784485557,13.836146984247934,3.2,data_type
2026-02,medications,317343.0,248917.0,188924.0,2076733.0,0.7843784170440187,0.7589839183342239,0.5953306044248652,10.992425525608182,2.7,data_type
2026-03,adt_events,214510.0,167181.0,74288.0,140791.0,0.7793622674933569,0.4443567151769639,0.34631485711621834,1.895205147533922,0.2,data_type
2026-03,allergies,214510.0,167467.0,123279.0,194475.0,0.7806955386695259,0.7361390602327623,0.5747004801640949,1.5775192855230817,14.05,data_type
2026-03,conditions,214510.0,167467.0,124064.0,774810.0,0.7806955386695259,0.7408265509025659,0.5783599832175657,6.245244389992262,12.95,data_type
2026-03,documents,214510.0,167467.0,116869.0,479419.0,0.7806955386695259,0.6978628625341112,0.5448184233835253,4.102191342443248,16.1,data_type
2026-03,encounters,214510.0,167467.0,123693.0,1167359.0,0.7806955386695259,0.7386111890700855,0.5766304601184093,9.437551033607399,10.3,data_type
2026-03,immunizations,214510.0,167467.0,123677.0,295274.0,0.7806955386695259,0.7385156478589812,0.5765558715211412,2.3874608860176103,21.25,data_type
2026-03,labs,321765.0,256189.0,163301.0,2289753.0,0.7961990893975417,0.6374239331118823,0.5075163551038802,14.021671637038352,3.2,data_type
2026-03,medications,321765.0,261067.0,202819.0,2238433.0,0.8113592217923018,0.7768848609743859,0.6303326962223983,11.036604065694043,2.6,data_type
2026-04,adt_events,217018.0,169002.0,74124.0,137622.0,0.7787464634269968,0.4385983597827245,0.34155692154567824,1.856645620851546,0.2,data_type
2026-04,allergies,217018.0,168586.0,125377.0,202400.0,0.776829571740593,0.7436975786838764,0.5777262715535116,1.6143311771696562,14.75,data_type
2026-04,conditions,217018.0,168586.0,125315.0,778367.0,0.776829571740593,0.7433298138635474,0.5774405809656342,6.211283565415154,12.4,data_type
2026-04,documents,217018.0,168586.0,118496.0,488303.0,0.776829571740593,0.702881615317998,0.5460192242118165,4.120839522009182,16.0,data_type
2026-04,encounters,217018.0,168586.0,125280.0,1175795.0,0.776829571740593,0.7431222046907809,0.5772793040208646,9.385336845466156,10.9,data_type
2026-04,immunizations,217018.0,168586.0,125140.0,296404.0,0.776829571740593,0.7422917679997153,0.5766341962417864,2.3685791913057375,21.55,data_type
2026-04,labs,325527.0,258048.0,166817.0,2291815.0,0.7927084389313329,0.6464572482638888,0.5124521161071125,13.738497874916826,3.6,data_type
2026-04,medications,325527.0,263354.0,205991.0,2279014.0,0.8090081621493762,0.7821829172900354,0.6327923643814491,11.063658120985869,2.7,data_type
2026-05,adt_events,219608.0,171101.0,75718.0,142794.0,0.7791200684856654,0.4425339419407251,0.3447870751520892,1.8858659763860641,0.2,data_type
2026-05,allergies,219608.0,171044.0,127822.0,204100.0,0.7788605150996321,0.7473047870723323,0.5820461913955776,1.5967517328785341,15.0,data_type
2026-05,conditions,219608.0,171044.0,127718.0,808553.0,0.7788605150996321,0.7466967563901686,0.5815726203052712,6.330767785276938,12.350000000000001,data_type
2026-05,documents,219608.0,171044.0,119712.0,485043.0,0.7788605150996321,0.6998900867613012,0.5451167534880332,4.051749198075381,16.2,data_type
2026-05,encounters,219608.0,171044.0,128410.0,1199994.0,0.7788605150996321,0.7507424990061037,0.584723689483079,9.34501985826649,10.45,data_type
2026-05,immunizations,219608.0,171044.0,128467.0,305883.0,0.7788605150996321,0.7510757465915203,0.5849832428691122,2.381023920539905,20.65,data_type
2026-05,labs,329412.0,261375.0,169944.0,2365618.0,0.793459254671961,0.6501922525107604,0.5159010600706714,13.919985406957586,3.5,data_type
2026-05,medications,329412.0,266633.0,208975.0,2307594.0,0.8094210289849793,0.7837551990938856,0.6343879397229002,11.0424404833114,2.6,data_type
2026-06,adt_events,222584.0,173413.0,84775.0,159528.0,0.7790901412500449,0.48886185003431115,0.38086744779498977,1.8817811854910056,0.2,data_type
2026-06,allergies,222584.0,173714.0,130901.0,212132.0,0.7804424397081551,0.7535431801697042,0.5880970779570859,1.6205529369523533,14.1,data_type
2026-06,conditions,222584.0,173714.0,130397.0,810784.0,0.7804424397081551,0.7506418596083217,0.585832764259785,6.217811759472994,12.2,data_type
2026-06,documents,222584.0,173714.0,123432.0,514679.0,0.7804424397081551,0.7105472212947719,0.5545412069151422,4.169737183226392,15.8,data_type
2026-06,encounters,222584.0,173714.0,130718.0,1248527.0,0.7804424397081551,0.7524897244896784,0.5872749164360421,9.551301274499304,10.1,data_type
2026-06,immunizations,222584.0,173714.0,130685.0,315564.0,0.7804424397081551,0.7522997570719688,0.5871266578010998,2.414691816199258,20.65,data_type
2026-06,labs,333876.0,265844.0,173031.0,2426576.0,0.7962357282344343,0.6508741968974285,0.5182492901556266,14.023937907080235,3.2,data_type
2026-06,medications,333876.0,270643.0,213630.0,2383178.0,0.8106093280139932,0.7893424178715134,0.6398483269237681,11.155633572063849,2.6,data_type
2025-07,Bluebird Palliativ,62298.0,44324.0,27691.0,202673.0,0.7114835147195737,0.6247405468820504,0.44449260008346975,7.319092846051063,10.6,customer
2025-07,Cascade Kidney,89568.0,71770.0,50513.0,356388.0,0.8012906395141122,0.7038177511495054,0.5639625759199715,7.055371884465385,9.5,customer
2025-07,Elation Direct,471762.0,384059.0,254219.0,1804195.0,0.814094818997715,0.661926943516491,0.5388712952717684,7.097010844980115,9.9,customer
2025-07,Harborview VBC,340110.0,263940.0,182820.0,1322399.0,0.7760430448972391,0.6926574221413958,0.5375319749492811,7.233338803194399,8.600000000000001,customer
2025-07,Lumen Behavioral,123732.0,92142.0,63621.0,453073.0,0.7446901367471632,0.690466888064075,0.5141838812918242,7.121437890004873,10.0,customer
2025-07,Northstar Duals,215190.0,165743.0,119681.0,858446.0,0.7702170175194014,0.7220878106466034,0.5561643199033413,7.172784318312848,9.9,customer
2025-07,Oak Grove Health,250362.0,194458.0,118259.0,855721.0,0.776707327789361,0.6081467463411122,0.47235203425439964,7.23599049543798,10.05,customer
2025-08,Bluebird Palliativ,65646.0,46697.0,29173.0,212608.0,0.7113457027084666,0.6247296400197014,0.4443987447826219,7.287834641620677,10.25,customer
2025-08,Cascade Kidney,90162.0,71688.0,50560.0,363327.0,0.7951021494642976,0.7052784287467917,0.5607683946673765,7.186056170886076,9.6,customer
2025-08,Elation Direct,475794.0,387814.0,259146.0,1855650.0,0.8150880423040223,0.6682223952719603,0.5446600839859267,7.160635317543007,10.25,customer
2025-08,Harborview VBC,348120.0,270034.0,188470.0,1342607.0,0.7756922900149373,0.6979491471444337,0.5413937722624382,7.12371730248846,9.850000000000001,customer
2025-08,Lumen Behavioral,125712.0,93101.0,64805.0,471125.0,0.7405896016291206,0.6960720078194649,0.5155036909761995,7.269886582825399,10.4,customer
2025-08,Northstar Duals,219654.0,170060.0,123016.0,880148.0,0.7742176331867392,0.7233682229801247,0.5600444335181695,7.154744098328672,9.55,customer
2025-08,Oak Grove Health,252972.0,196512.0,120683.0,881908.0,0.7768132441535032,0.6141253460348477,0.4770607023702228,7.3076406784716985,10.05,customer
2025-09,Bluebird Palliativ,65088.0,45988.0,29032.0,212173.0,0.7065511307767945,0.6312951204662086,0.44604228121927236,7.308246073298429,10.1,customer
2025-09,Cascade Kidney,92682.0,73907.0,52287.0,380946.0,0.7974256058350058,0.707470199033921,0.5641548520748365,7.285673303115497,11.4,customer
2025-09,Elation Direct,476820.0,391488.0,261918.0,1892463.0,0.8210393859317981,0.669032000980873,0.5493016232540582,7.225402606922778,10.1,customer
2025-09,Harborview VBC,348390.0,271323.0,189649.0,1384406.0,0.778791010074916,0.6989787080343355,0.5443583340509199,7.299832849105453,10.7,customer
2025-09,Lumen Behavioral,130698.0,97044.0,67711.0,496507.0,0.7425056236514713,0.6977350480194551,0.5180721969731747,7.33273766448583,10.2,customer
2025-09,Northstar Duals,222030.0,170488.0,124221.0,893893.0,0.7678601990721975,0.728620196142837,0.5594784488582624,7.195989405978056,10.399999999999999,customer
2025-09,Oak Grove Health,260100.0,202217.0,125068.0,882624.0,0.7774586697424067,0.6184841037103705,0.4808458285274894,7.057152908817603,9.45,customer
2025-10,Bluebird Palliativ,65520.0,46826.0,29715.0,216537.0,0.7146825396825397,0.6345833511297143,0.453525641025641,7.287127713276123,10.2,customer
2025-10,Cascade Kidney,95112.0,75524.0,53592.0,385029.0,0.7940533266044243,0.7096022456437688,0.5634620237194045,7.184449171518137,10.7,customer
2025-10,Elation Direct,484254.0,395484.0,265985.0,1912524.0,0.8166871104833414,0.6725556533260512,0.5492675331540886,7.190345320224825,10.4,customer
2025-10,Harborview VBC,351828.0,274741.0,194373.0,1397995.0,0.780895778619098,0.7074772240036981,0.5524659776936458,7.192331239421113,10.0,customer
2025-10,Lumen Behavioral,132300.0,98157.0,69054.0,495902.0,0.7419274376417233,0.7035056083621137,0.5219501133786848,7.181365308309439,10.3,customer
2025-10,Northstar Duals,226800.0,174478.0,127413.0,919751.0,0.7693033509700177,0.7302525246735978,0.5617857142857143,7.218659006537794,10.35,customer
2025-10,Oak Grove Health,264636.0,208578.0,128975.0,933537.0,0.7881694100575886,0.6183538052910662,0.4873675539231246,7.2381236673773985,9.8,customer
2025-11,Bluebird Palliativ,67590.0,47942.0,30526.0,225314.0,0.7093061103713567,0.6367277126527888,0.4516348572274005,7.381052217781563,11.149999999999999,customer
2025-11,Cascade Kidney,94068.0,74928.0,53371.0,381656.0,0.7965301696644981,0.7122971385863762,0.5673661606497428,7.15099960652789,10.2,customer
2025-11,Elation Direct,490518.0,401060.0,271518.0,1941594.0,0.8176254490151228,0.6770009474891537,0.5535332036744829,7.150885024197291,10.3,customer
2025-11,Harborview VBC,357678.0,277616.0,197103.0,1380997.0,0.7761617991601385,0.7099842948533226,0.5510626876687971,7.0064737725960535,10.2,customer
2025-11,Lumen Behavioral,135378.0,100925.0,71387.0,510502.0,0.7455051780939296,0.7073272231855338,0.5273161074916161,7.151189992575679,10.3,customer
2025-11,Motive Care,171900.0,93623.0,60983.0,432564.0,0.5446364165212333,0.6513677194706429,0.3547585805700989,7.0931899053834675,9.9,customer
2025-11,Northstar Duals,229698.0,178823.0,130929.0,929836.0,0.7785135264564776,0.7321709176112693,0.5700049630384244,7.101833818329018,11.05,customer
2025-11,Oak Grove Health,266922.0,208404.0,128933.0,962217.0,0.7807674151999461,0.6186685476286443,0.4830362427975214,7.4629226032125215,10.25,customer
2025-12,Bluebird Palliativ,68562.0,48293.0,31085.0,225635.0,0.7043697675096993,0.6436750667798645,0.4533852571395234,7.258645649026862,9.75,customer
2025-12,Cascade Kidney,95994.0,76143.0,53071.0,383190.0,0.7932058253640852,0.6969911876337943,0.5528574702585578,7.2203274858208815,9.85,customer
2025-12,Elation Direct,502866.0,411008.0,279020.0,2003108.0,0.8173310583734037,0.6788675646216132,0.5548595450875581,7.179083936635367,10.4,customer
2025-12,Harborview VBC,370152.0,285885.0,199619.0,1490770.0,0.7723448745380276,0.6982492960456127,0.5392892649506149,7.468076686086996,10.2,customer
2025-12,Lumen Behavioral,135378.0,101108.0,71710.0,523383.0,0.7468569486918111,0.7092416030383353,0.5297020195304998,7.298605494352252,10.05,customer
2025-12,Motive Care,173016.0,94341.0,61970.0,448826.0,0.5452732695242059,0.6568724096628189,0.3581749664770888,7.242633532354365,9.8,customer
2025-12,Northstar Duals,236574.0,181511.0,134182.0,958152.0,0.7672483028566115,0.7392499628121711,0.5671882793544515,7.140689511260825,9.9,customer
2025-12,Oak Grove Health,273492.0,212395.0,132254.0,941761.0,0.77660406885759,0.6226794416064408,0.48357538794553406,7.120850787121751,9.6,customer
2026-01,Bluebird Palliativ,69246.0,49213.0,31425.0,228278.0,0.7106980908644542,0.6385507894255583,0.4538168269647344,7.264216388225935,10.35,customer
2026-01,Cascade Kidney,99594.0,79416.0,55756.0,411995.0,0.7973974335803362,0.7020751485846681,0.5598329216619475,7.389249587488342,10.100000000000001,customer
2026-01,Elation Direct,509058.0,416553.0,283168.0,2035408.0,0.8182820032294945,0.6797886463427223,0.5562588153019892,7.187987343202622,10.2,customer
2026-01,Harborview VBC,370692.0,289092.0,203761.0,1493291.0,0.7798711598847561,0.7048309880591646,0.5496773601804193,7.328639926188034,9.75,customer
2026-01,Lumen Behavioral,136566.0,102340.0,72503.0,522462.0,0.7493812515560242,0.7084522180965409,0.5309008098648272,7.206074231411114,10.149999999999999,customer
2026-01,Motive Care,178020.0,96647.0,63978.0,461766.0,0.5428996741939108,0.6619760571978437,0.359386585776879,7.217574791334521,9.850000000000001,customer
2026-01,Northstar Duals,232578.0,179890.0,133897.0,974720.0,0.7734609464351745,0.7443270887764745,0.5757079345423901,7.2796253836904485,10.7,customer
2026-01,Oak Grove Health,272520.0,212432.0,133137.0,946159.0,0.7795097607515045,0.6267276116592604,0.48854029062087184,7.106657052509821,10.4,customer
2026-02,Bluebird Palliativ,69840.0,49430.0,29645.0,206808.0,0.7077605956471936,0.5997370018207566,0.4244702176403207,6.976151121605667,9.899999999999999,customer
2026-02,Cascade Kidney,100080.0,80018.0,56883.0,416323.0,0.7995403677058354,0.7108775525506761,0.5683752997601919,7.318935358542975,10.45,customer
2026-02,Elation Direct,521100.0,425711.0,283676.0,1992450.0,0.8169468432162733,0.6663581631670311,0.5443791978507004,7.023681947009969,10.2,customer
2026-02,Harborview VBC,377388.0,293278.0,207267.0,1547163.0,0.7771259287523715,0.7067253595564618,0.5492146014181691,7.464589153121336,9.9,customer
2026-02,Lumen Behavioral,139896.0,103852.0,72964.0,523418.0,0.7423514610853778,0.7025767438277549,0.521558872305141,7.173647278109753,10.25,customer
2026-02,Motive Care,179532.0,97528.0,62124.0,436878.0,0.5432346322661141,0.636986301369863,0.34603301918320967,7.032354645547614,10.350000000000001,customer
2026-02,Northstar Duals,240282.0,185708.0,137754.0,986705.0,0.7728752049674965,0.7417774140047817,0.5733013708892052,7.162804709845086,10.4,customer
2026-02,Oak Grove Health,275940.0,214502.0,122723.0,849004.0,0.7773501485830253,0.5721298635910155,0.44474523447126185,6.918051221042511,10.0,customer
2026-03,Bluebird Palliativ,71190.0,50693.0,33062.0,245447.0,0.7120803483635342,0.6522005010553725,0.4644191599943812,7.423840058072712,9.8,customer
2026-03,Cascade Kidney,98460.0,78322.0,55902.0,412002.0,0.7954702417225269,0.7137458185439596,0.5677635588056064,7.370076204786948,10.2,customer
2026-03,Elation Direct,531090.0,435856.0,300511.0,2145782.0,0.8206819936357302,0.6894731287397673,0.5658381818524167,7.1404441101989615,9.95,customer
2026-03,Harborview VBC,384318.0,300270.0,212106.0,1527542.0,0.7813061058810672,0.7063842541712458,0.5519023308822382,7.201785899503078,9.850000000000001,customer
2026-03,Lumen Behavioral,141948.0,106165.0,76214.0,550247.0,0.7479147293375039,0.7178825413271794,0.5369149265928368,7.219762773243761,9.95,customer
2026-03,Motive Care,179712.0,144503.0,96294.0,697052.0,0.8040809740028491,0.6663806287758731,0.5358239850427351,7.238789540365962,10.149999999999999,customer
2026-03,Northstar Duals,244656.0,188351.0,140486.0,1018594.0,0.7698605388790792,0.7458733959469289,0.5742184945392714,7.25050182936378,10.850000000000001,customer
2026-03,Oak Grove Health,279216.0,217612.0,137415.0,983648.0,0.7793679445303994,0.6314679337536533,0.4921458655664432,7.158228723210712,9.55,customer
2026-04,Bluebird Palliativ,72072.0,51619.0,33627.0,246641.0,0.7162143412143412,0.6514461729208237,0.4665750915750916,7.3346120676837065,11.2,customer
2026-04,Cascade Kidney,101700.0,80920.0,57923.0,425652.0,0.7956735496558506,0.7158057340583293,0.5695476892822026,7.3485834642542684,11.15,customer
2026-04,Elation Direct,534168.0,436346.0,301340.0,2153131.0,0.8168703479055278,0.6905987450326118,0.5641296371179104,7.145188159553992,11.4,customer
2026-04,Harborview VBC,384642.0,296491.0,212012.0,1555136.0,0.7708232590304751,0.7150706092259124,0.5511930574404251,7.335131973661868,10.850000000000001,customer
2026-04,Lumen Behavioral,140832.0,104933.0,75835.0,544127.0,0.7450934446716655,0.7226992461856613,0.5384784708020904,7.175143403441683,11.4,customer
2026-04,Motive Care,183474.0,147377.0,99220.0,705454.0,0.8032582273237625,0.673239379278992,0.5407850703641933,7.1099979842773635,11.8,customer
2026-04,Northstar Duals,248418.0,193399.0,145762.0,1011836.0,0.778522490318737,0.7536853861705594,0.5867610237583428,6.941699482718404,11.6,customer
2026-04,Oak Grove Health,287856.0,222249.0,140821.0,1007743.0,0.7720839586459897,0.6336181490130439,0.48920640875993554,7.156198294288494,10.850000000000001,customer
2026-05,Bluebird Palliativ,73206.0,52331.0,34617.0,255476.0,0.7148457776684971,0.661500831247253,0.4728710761412999,7.380073374353641,11.850000000000001,customer
2026-05,Cascade Kidney,103572.0,82840.0,59602.0,427507.0,0.7998300699030626,0.7194833413809754,0.5754644112308346,7.172695547129291,11.0,customer
2026-05,Elation Direct,534762.0,437316.0,304258.0,2181871.0,0.817776880182212,0.695739465283685,0.5689596493393323,7.1711212194913525,11.4,customer
2026-05,Harborview VBC,388440.0,302791.0,216581.0,1548779.0,0.7795052002883328,0.7152821583204256,0.5575661620842344,7.151038179711055,10.8,customer
2026-05,Lumen Behavioral,144648.0,107693.0,78295.0,566557.0,0.7445177257895028,0.7270203262979024,0.5412795199380566,7.236183664346382,10.75,customer
2026-05,Motive Care,187254.0,149850.0,100772.0,721497.0,0.8002499279054119,0.6724858191524858,0.5381567282941886,7.159697138093915,11.0,customer
2026-05,Northstar Duals,252990.0,193647.0,146562.0,1055605.0,0.7654334163405668,0.7568513842197401,0.5793193406854026,7.20244674608698,10.5,customer
2026-05,Oak Grove Health,291600.0,227861.0,146079.0,1062287.0,0.7814163237311386,0.6410882072842654,0.5009567901234568,7.272003504952799,11.35,customer
2026-06,Bluebird Palliativ,72630.0,51469.0,33820.0,244375.0,0.7086465647803938,0.6570945617750491,0.4656478039377668,7.225753991720875,10.05,customer
2026-06,Cascade Kidney,104328.0,83542.0,62189.0,442261.0,0.8007629782992102,0.744404012353068,0.5960911739897247,7.111563138175562,10.15,customer
2026-06,Elation Direct,546930.0,449787.0,315450.0,2245595.0,0.8223849487137294,0.7013319637961969,0.5767648510778345,7.118703439530829,10.149999999999999,customer
2026-06,Harborview VBC,401760.0,312010.0,228362.0,1660389.0,0.7766079251294306,0.7319060286529278,0.5684040223018718,7.270863803960379,9.95,customer
2026-06,Lumen Behavioral,145512.0,108958.0,79875.0,576482.0,0.7487904777612843,0.7330806365755612,0.5489238000989609,7.217302034428795,9.75,customer
2026-06,Motive Care,189558.0,152405.0,103520.0,751914.0,0.8040019413583178,0.6792428069945212,0.5461125354772681,7.26346599690881,9.9,customer
2026-06,Northstar Duals,252216.0,194291.0,148521.0,1085583.0,0.7703357439654899,0.7644255266584659,0.5888643067846607,7.30928959541075,10.45,customer
2026-06,Oak Grove Health,290322.0,226008.0,145832.0,1064369.0,0.7784735569471138,0.6452514955222824,0.5023112268446759,7.298597015744144,10.15,customer
